SheepX,SheepY,SheepX,SheepY,SheepX,SheepY,SheepX,SheepY,SheepX,SheepY,SheepX,SheepY,SheepX,SheepY,SheepX,SheepY,SheepX,SheepY,SheepX,SheepY,ShepherdX,ShepherdY,ShepherdX,ShepherdY,ShepherdX,ShepherdY,
79,43,73,139,273,193,109,59,295,181,220,8,12,157,139,82,180,99,160,69,93,63,148,96,33,76,
79,43,73,139,273,193,109,59,295,181,220,8,12,157,139,82,180,99,160,69,93,63,148,96,33,76,
78.9741,42.9999,72.977,139.001,273.19,193,109.095,59.0003,294.81,181,220.001,7.99996,12.1904,157,138.946,81.9995,180.027,99,160.013,69,93.3628,63.0013,148.37,96.0009,33.3746,76.0003,
78.9473,42.9995,73.0103,138.999,273.379,193.001,109.189,59.0012,294.619,181,220,8.00008,12.3867,157,138.894,81.9978,180.052,99,160.025,69.0002,93.7256,63.0059,148.744,96.0035,33.7361,76.0014,
78.9199,42.9989,72.9988,138.999,273.576,193.002,109.288,59.0028,294.427,181,219.999,8.00031,12.5851,157,138.841,81.9951,180.079,98.9999,160.037,69.0004,94.1014,63.0128,149.107,96.008,34.0967,76.0042,
78.8939,42.998,73.0457,138.999,273.768,193.003,109.389,59.0052,294.236,181.001,219.996,8.001,12.7708,157,138.785,81.9911,180.106,98.9999,160.049,69.0007,94.4694,63.0205,149.472,96.0152,34.464,76.0102,
78.8661,42.9968,73.0189,138.999,273.964,193.004,109.496,59.0084,294.05,181.001,219.996,8.00105,12.9612,157,138.726,81.9859,180.135,98.9998,160.06,69.0011,94.8388,63.0295,149.842,96.0235,34.8215,76.0185,
78.8388,42.9954,73.0352,138.999,274.158,193.006,109.608,59.0126,293.863,181.002,219.994,8.00174,13.1579,157,138.67,81.98,180.164,98.9997,160.072,69.0015,95.1942,63.04,150.218,96.0322,35.1889,76.0286,
78.813,42.9939,72.8882,139.003,274.346,193.008,109.72,59.0177,293.679,181.002,219.993,8.00244,13.3528,157.001,138.613,81.973,180.193,98.9995,160.081,69.002,95.5657,63.0522,150.592,96.0421,35.5491,76.0391,
78.7848,42.9921,72.9206,139.001,274.54,193.009,109.832,59.0236,293.487,181.002,219.988,8.00564,13.5464,157.001,138.555,81.9652,180.222,98.9994,160.091,69.0025,95.9285,63.065,150.968,96.0534,35.9134,76.0506,
78.7572,42.99,72.8492,139.006,274.738,193.011,109.95,59.0309,293.289,181.002,219.832,8.11437,13.7443,157.001,138.498,81.9565,180.253,98.9992,160.1,69.0031,96.3009,63.0783,151.335,96.065,36.29,76.0633,
78.7311,42.9879,72.7357,139.014,274.922,193.012,110.071,59.0398,293.103,181.002,219.672,8.22444,13.9302,157.002,138.441,81.9472,180.284,98.999,160.108,69.0037,96.6618,63.0915,151.701,96.0774,36.6592,76.0771,
78.7044,42.9856,72.7528,139.012,274.835,193.011,110.197,59.0505,292.916,181.002,219.509,8.33731,14.1248,157.003,138.385,81.9374,180.315,98.9988,160.116,69.0043,97.0243,63.1061,152.067,96.0915,37.0334,76.093,
78.6774,42.983,72.8483,139.004,274.887,193.011,110.322,59.0627,292.727,181.003,219.349,8.44739,14.3199,157.004,138.33,81.9271,180.348,98.9986,160.124,69.005,97.3862,63.1231,152.431,96.1066,37.3962,76.1097,
78.6512,42.9804,72.701,139.016,274.784,193.013,110.452,59.0773,292.536,181.003,219.199,8.5512,14.5139,157.004,138.273,81.9159,180.38,98.9983,160.13,69.0057,97.7566,63.1425,152.796,96.1242,37.7657,76.1286,
78.6241,42.9775,72.7203,139.014,274.787,193.013,110.583,59.0937,292.348,181.004,219.041,8.6604,14.7007,157.005,138.218,81.9045,180.414,98.9979,160.136,69.0063,98.1194,63.1637,153.163,96.1438,38.1251,76.1491,
78.5974,42.9745,72.7654,139.008,274.641,193.017,110.721,59.1131,292.153,181.006,218.877,8.77419,14.898,157.006,138.164,81.8926,180.449,98.9975,160.141,69.0068,98.4844,63.1869,153.525,96.1652,38.4943,76.1719,
78.5713,42.9714,72.6206,139.031,274.655,193.017,110.86,59.1349,291.955,181.007,218.714,8.88697,15.0873,157.007,138.11,81.8805,180.484,98.9971,160.146,69.0075,98.8484,63.2114,153.894,96.1883,38.8563,76.1962,
78.5457,42.9682,72.6699,139.023,274.673,193.017,110.998,59.1587,291.756,181.009,218.557,8.99606,15.2782,157.008,138.057,81.868,180.521,98.9966,160.151,69.0081,99.211,63.2378,154.26,96.2118,39.2199,76.2231,
78.5207,42.965,72.5698,139.039,274.575,193.019,111.142,59.1862,291.569,181.01,218.401,9.10495,15.2502,157.008,138.006,81.8554,180.559,98.996,160.154,69.0086,99.5859,63.2662,154.636,96.2375,39.5821,76.2505,
78.496,42.9617,72.482,139.051,274.549,193.019,111.282,59.2156,291.382,181.012,218.242,9.21451,15.0772,157.01,137.956,81.843,180.597,98.9954,160.157,69.0089,99.952,63.2956,154.997,96.2634,39.9429,76.2794,
78.47,42.9581,72.5155,139.047,274.46,193.019,111.421,59.247,291.19,181.014,218.084,9.32278,15.1138,157.009,137.909,81.8306,180.635,98.9948,160.159,69.0093,100.325,63.3276,155.365,96.2917,40.3169,76.3117,
78.444,42.9544,72.345,139.065,274.374,193.022,111.555,59.2799,290.997,181.016,217.928,9.42956,15.0577,157.01,137.861,81.818,180.674,98.9941,160.161,69.0096,100.688,63.3608,155.725,96.3217,40.6842,76.3447,
78.4192,42.9507,72.2901,139.071,274.437,193.018,111.689,59.3151,290.802,181.018,217.77,9.53813,15.1049,157.011,137.814,81.8054,180.715,98.9932,160.161,69.0096,101.06,63.3971,156.086,96.355,41.0577,76.3803,
78.3956,42.9471,72.2444,139.078,274.361,193.023,111.826,59.3539,290.604,181.02,217.615,9.64416,15.1394,157.012,137.768,81.7928,180.758,98.9923,160.159,69.0094,101.427,63.4345,156.457,96.3913,41.4274,76.4169,
78.3709,42.9432,72.1575,139.094,274.352,193.024,111.963,59.3959,290.416,181.022,217.452,9.75492,15.1733,157.013,137.725,81.7805,180.801,98.9913,160.158,69.009,101.798,63.4744,156.816,96.4284,41.7987,76.4555,
78.3481,42.9396,72.2344,139.078,274.384,193.023,112.099,59.4406,290.22,181.025,217.297,9.86152,15.2064,157.015,137.683,81.7686,180.845,98.9903,160.155,69.0085,102.161,63.5154,157.179,96.469,42.1634,76.4953,
78.3251,42.9358,72.1623,139.092,274.356,193.023,112.231,59.4873,290.03,181.026,217.141,9.96881,15.136,157.01,137.641,81.7563,180.891,98.9891,160.153,69.008,102.519,63.5581,157.532,96.5107,42.5319,76.5375,
78.3016,42.9319,72.2258,139.08,274.391,193.024,112.362,59.5367,289.841,181.028,216.983,10.0773,15.1058,157.007,137.6,81.7442,180.939,98.9878,160.149,69.0071,102.879,63.6029,157.887,96.5541,42.8946,76.5801,
78.2796,42.9281,72.3334,139.056,274.409,193.025,112.488,59.5875,289.646,181.03,216.825,10.1866,15.1242,157.009,137.56,81.7323,180.989,98.9863,160.145,69.0061,103.248,63.6509,158.254,96.601,43.259,76.6247,
78.2572,42.9242,72.4083,139.039,274.365,193.025,112.611,59.64,289.455,181.032,216.664,10.2978,15.1565,157.012,137.522,81.7207,181.038,98.9848,160.139,69.0049,103.61,63.6992,158.623,96.6496,43.6174,76.6714,
78.2356,42.9203,72.5118,139.014,274.173,193.024,112.734,59.6958,289.257,181.034,216.508,10.4066,14.983,156.998,137.484,81.7091,181.09,98.9831,160.133,69.0034,103.968,63.7499,158.995,96.7001,43.9854,76.722,
78.214,42.9164,72.4397,139.029,274.001,193.022,112.851,59.7519,289.065,181.036,216.348,10.518,14.8408,156.985,137.465,81.703,181.143,98.9813,160.127,69.0019,104.326,63.8036,159.358,96.7513,44.35,76.7734,
78.1919,42.9123,72.4245,139.032,274.048,193.023,112.961,59.8086,288.877,181.038,216.194,10.6242,15.0292,157.003,137.446,81.6974,181.196,98.9794,160.121,69.0001,104.686,63.8599,159.725,96.8052,44.7094,76.8257,
78.1712,42.9085,72.3235,139.047,273.945,193.021,113.071,59.8684,288.686,181.04,216.04,10.7306,15.2155,157.021,137.429,81.692,181.252,98.9773,160.114,68.9981,105.051,63.9189,160.097,96.8615,45.072,76.8804,
78.1502,42.9045,72.2949,139.05,273.915,193.02,113.172,59.9269,288.498,181.042,215.882,10.8396,15.2223,157.021,137.413,81.6869,181.311,98.9749,160.106,68.9958,105.421,63.9803,160.451,96.9165,45.4274,76.9347,
78.1302,42.9006,72.2405,139.055,273.779,193.008,113.271,59.9883,288.309,181.043,215.725,10.9477,15.1768,157.018,137.399,81.6823,181.371,98.9724,160.097,68.9934,105.784,64.0423,160.802,96.9734,45.7933,76.9923,
78.1099,42.8966,72.1966,139.06,273.735,193.003,113.364,60.0497,288.119,181.045,215.57,11.0546,15.1088,157.011,137.385,81.678,181.433,98.9696,160.088,68.9906,106.134,64.1041,161.16,97.0335,46.1568,77.0512,
78.0901,42.8927,72.1547,139.065,273.689,192.998,113.453,60.1128,287.92,181.046,215.409,11.1648,14.9387,156.988,137.372,81.6739,181.494,98.9667,160.079,68.9877,106.505,64.1708,161.528,97.0972,46.515,77.1113,
78.0712,42.8889,72.1594,139.065,273.563,192.987,113.533,60.1741,287.726,181.047,215.249,11.2748,14.9253,156.986,137.361,81.6703,181.561,98.9634,160.068,68.9843,106.861,64.2368,161.888,97.1604,46.8692,77.1731,
78.0521,42.8851,72.2816,139.044,273.628,192.994,113.604,60.233,287.538,181.048,215.091,11.3832,15.1145,157.015,137.351,81.6671,181.629,98.9599,160.057,68.9807,107.225,64.3062,162.237,97.2225,47.2232,77.2357,
78.033,42.8811,72.239,139.052,273.605,192.992,113.693,60.2657,287.346,181.049,214.933,11.4923,15.2989,157.042,137.342,81.664,181.698,98.9562,160.046,68.977,107.553,64.3956,162.603,97.2891,47.5764,77.3,
78.0149,42.8774,72.3689,139.026,273.576,192.991,113.843,60.2434,287.15,181.051,214.774,11.6019,15.2153,157.03,137.334,81.6614,181.768,98.9523,160.034,68.9729,107.817,64.5385,162.964,97.3565,47.934,77.3668,
77.9966,42.8735,72.2845,139.041,273.436,192.99,113.98,60.2198,286.964,181.052,214.614,11.7119,15.3226,157.045,137.326,81.659,181.841,98.9479,160.021,68.9686,108.076,64.6815,163.33,97.4267,48.3028,77.4364,
77.9786,42.8697,72.213,139.052,273.395,192.99,114.105,60.1841,286.771,181.054,214.456,11.821,15.3256,157.046,137.32,81.6571,181.918,98.9431,160.008,68.9638,108.347,64.833,163.685,97.4962,48.6627,77.5055,
77.9606,42.8659,72.293,139.041,273.415,192.99,114.215,60.1444,286.578,181.056,214.298,11.9286,15.3436,157.048,137.315,81.6555,181.993,98.9382,159.994,68.9586,108.617,64.9837,164.038,97.5687,49.0098,77.5736,
77.9432,42.8621,72.2385,139.05,273.415,192.99,114.288,60.0693,286.384,181.058,214.137,12.0389,15.3911,157.056,137.311,81.6541,182.075,98.9327,159.98,68.9534,108.892,65.1335,164.399,97.6455,49.3713,77.647,
77.9257,42.8583,72.328,139.033,273.466,192.992,114.328,59.9599,286.199,181.059,213.972,12.1522,15.334,157.045,137.308,81.6531,182.156,98.9269,159.965,68.9477,109.188,65.2838,164.754,97.7232,49.7266,77.7215,
77.9092,42.8547,72.1971,139.055,273.345,192.99,114.333,59.8194,286.013,181.06,213.808,12.2643,15.248,157.026,137.306,81.6525,182.24,98.9207,159.95,68.9422,109.505,65.4274,165.117,97.8052,50.0824,77.7986,
77.8929,42.8511,72.0778,139.075,273.35,192.99,114.299,59.6543,285.821,181.062,213.649,12.3741,15.0743,156.993,137.305,81.6521,182.327,98.9139,159.936,68.9364,109.832,65.5536,165.483,97.8891,50.4416,77.8783,
77.9233,42.8573,72.0236,139.086,273.295,192.986,114.236,59.4784,285.626,181.064,213.487,12.486,15.0457,156.987,137.305,81.6521,182.42,98.9063,159.921,68.9303,110.171,65.6617,165.838,97.972,50.7903,77.9577,
77.7763,42.8325,72.0411,139.083,273.372,192.992,114.15,59.3042,285.431,181.066,213.326,12.5964,15.0181,156.982,137.306,81.6524,182.511,98.8985,159.905,68.924,110.516,65.7514,166.198,98.0578,51.1446,78.0403,
77.7505,42.8287,72.0726,139.076,273.405,192.995,114.061,59.1339,285.239,181.069,213.173,12.7024,14.8695,156.957,137.308,81.653,182.608,98.89,159.889,68.9174,110.879,65.8417,166.563,98.1454,51.508,78.1275,
77.7064,42.8223,72.1901,139.054,273.286,192.985,113.969,58.9584,285.05,181.071,213.015,12.8115,14.916,156.965,137.311,81.654,182.707,98.8809,159.873,68.9105,111.236,65.9307,166.915,98.2323,51.874,78.2166,
77.5474,42.7954,72.1205,139.066,273.169,192.978,113.88,58.788,284.854,181.074,212.853,12.9236,15.1044,156.997,137.315,81.6553,182.812,98.8708,159.857,68.9038,111.585,66.0185,167.272,98.3226,52.2275,78.3045,
77.5966,42.8039,72.0498,139.077,273.083,192.972,113.793,58.6206,284.661,181.077,212.693,13.0334,15.2964,157.03,137.32,81.657,182.919,98.86,159.841,68.8969,111.934,66.1087,167.631,98.414,52.5796,78.3946,
77.5389,42.7923,72.0825,139.072,273.086,192.972,113.705,58.4537,284.668,181.076,212.536,13.1419,15.2988,157.031,137.326,81.659,183.028,98.8486,159.825,68.8897,112.294,66.2037,167.987,98.5048,52.9295,78.4865,
77.5722,42.7998,72.0395,139.079,273.045,192.968,113.615,58.2818,284.794,181.069,212.378,13.2505,15.1981,157.007,137.333,81.6613,183.138,98.8365,159.808,68.8821,112.644,66.2973,168.35,98.5986,53.2888,78.5833,
77.5459,42.7937,72.1035,139.068,273.111,192.973,113.524,58.1097,284.682,181.073,212.216,13.361,15.0655,156.976,137.341,81.6639,183.261,98.8224,159.791,68.8748,112.992,66.3938,168.699,98.6907,53.6411,78.6798,
77.4896,42.7804,72.0483,139.077,273.085,192.972,113.433,57.9368,284.611,181.075,212.059,13.468,15.0411,156.97,137.351,81.667,183.386,98.8076,159.775,68.8675,113.344,66.4934,169.052,98.7865,53.9985,78.7799,
77.5502,42.794,71.9481,139.092,273.086,192.972,113.345,57.7675,284.661,181.073,211.901,13.5759,15.046,156.971,137.361,81.6703,183.512,98.7923,159.759,68.8599,113.696,66.5947,169.409,98.8839,54.3579,78.8817,
77.4813,42.7784,71.9647,139.09,273.044,192.969,113.255,57.5962,284.679,181.072,211.743,13.6839,15.051,156.972,137.373,81.674,183.637,98.7765,159.742,68.8523,114.045,66.6976,169.773,98.9837,54.7211,78.9859,
77.3963,42.7594,71.9235,139.097,273.001,192.967,113.168,57.4292,284.744,181.07,211.584,13.7923,15.1673,157.004,137.385,81.6781,183.769,98.7595,159.726,68.8445,114.391,66.8013,170.12,99.0798,55.0685,79.0875,
77.3552,42.7498,71.7588,139.127,273.106,192.975,113.076,57.2541,284.747,181.07,211.424,13.9006,15.1688,157.005,137.4,81.6826,183.91,98.7406,159.709,68.8367,114.741,66.907,170.485,99.1814,55.4173,79.1918,
77.419,42.7642,71.6729,139.143,273.199,192.982,112.99,57.0903,284.702,181.069,211.267,14.007,15.1855,157.01,137.414,81.6872,184.05,98.7214,159.693,68.8288,115.08,67.0111,170.839,99.2809,55.7752,79.2995,
77.3052,42.7379,71.708,139.136,273.261,192.986,112.902,56.9216,284.619,181.068,211.104,14.1177,15.2308,157.022,137.43,81.6923,184.197,98.7006,159.676,68.8208,115.429,67.1202,171.187,99.3803,56.1334,79.4089,
77.4407,42.7676,71.8431,139.107,273.163,192.98,112.814,56.7526,284.697,181.068,210.942,14.228,15.2919,157.039,137.448,81.6978,184.348,98.6787,159.66,68.8129,115.778,67.2312,171.536,99.4823,56.4793,79.5168,
77.3812,42.7557,71.8168,139.113,273.03,192.973,112.729,56.5901,284.787,181.069,210.781,14.3379,15.2199,157.019,137.466,81.7035,184.498,98.6563,159.644,68.8048,116.12,67.3415,171.885,99.5853,56.8325,79.6297,
77.3252,42.7462,71.7167,139.131,272.911,192.967,112.644,56.4315,284.881,181.071,210.626,14.4435,15.1682,157.003,137.485,81.7095,184.657,98.632,159.628,68.7969,116.467,67.4551,172.242,99.6919,57.1865,79.7448,
77.1813,42.7208,71.7956,139.117,272.899,192.966,112.563,56.2834,284.75,181.066,210.473,14.5482,15.0269,156.954,137.523,81.721,184.832,98.6045,159.612,68.7889,116.813,67.5687,172.593,99.7988,57.5393,79.8613,
77.1977,42.7237,71.713,139.132,272.707,192.96,112.483,56.1399,284.66,181.062,210.317,14.6555,15.029,156.955,137.561,81.7327,185,98.5776,159.595,68.7804,117.164,67.6848,172.942,99.9076,57.8976,79.9811,
77.2478,42.7326,71.7143,139.132,272.638,192.957,112.404,56.0003,284.749,181.068,210.157,14.7657,14.8922,156.91,137.601,81.7446,185.179,98.5485,159.579,68.7723,117.505,67.8004,173.3,100.022,58.2495,80.0999,
77.1758,42.7189,71.5819,139.162,272.581,192.953,112.322,55.8601,284.767,181.069,210.005,14.87,14.8371,156.891,137.641,81.7567,185.356,98.5192,159.563,68.764,117.854,67.9207,173.649,100.135,58.5897,80.2163,
77.0424,42.695,71.6316,139.152,272.597,192.955,112.242,55.728,284.711,181.067,209.845,14.9797,15.0203,156.954,137.683,81.7691,185.536,98.4888,159.547,68.7558,118.201,68.0418,173.994,100.248,58.9378,80.3374,
76.9884,42.685,71.529,139.172,272.648,192.959,112.158,55.5942,284.567,181.061,209.684,15.0897,15.1948,157.014,137.726,81.7817,185.722,98.4569,159.531,68.7476,118.545,68.1635,174.34,100.363,59.2861,80.4608,
76.9465,42.6772,71.3851,139.203,272.679,192.961,112.081,55.4746,284.495,181.055,209.529,15.1964,15.0139,156.952,137.77,81.7942,185.91,98.4245,159.515,68.7393,118.897,68.2902,174.677,100.477,59.6295,80.5838,
76.8212,42.6514,71.4185,139.195,272.635,192.959,112.007,55.3625,284.41,181.047,209.507,15.2116,14.8933,156.911,137.815,81.807,186.098,98.3923,159.499,68.731,119.248,68.4183,175.034,100.6,59.9719,80.7084,
76.7363,42.6345,71.359,139.21,272.712,192.964,111.935,55.2571,284.378,181.044,209.548,15.1834,14.9263,156.922,137.859,81.8192,186.289,98.3596,159.484,68.723,119.598,68.5474,175.382,100.721,60.3085,80.8333,
76.7221,42.6324,71.3769,139.206,272.76,192.967,111.865,55.1566,284.222,181.017,209.551,15.1813,15.1101,156.978,137.908,81.8325,186.479,98.3271,159.469,68.7151,119.95,68.679,175.732,100.845,60.6495,80.9621,
76.566,42.6132,71.216,139.235,272.676,192.961,111.801,55.0669,284.253,181.022,209.394,15.2898,15.2943,157.036,137.956,81.8457,186.672,98.2946,159.454,68.707,120.295,68.8088,176.076,100.969,60.9825,81.0906,
76.5365,42.6101,71.2514,139.23,272.557,192.951,111.74,54.9821,284.103,181.002,209.308,15.3501,15.2123,157.01,138.006,81.8589,186.858,98.2632,159.439,68.699,120.641,68.9396,176.429,101.098,61.3232,81.2248,
76.4497,42.6045,71.3581,139.214,272.546,192.95,111.679,54.8998,284.108,181.003,209.347,15.3216,15.1155,156.982,138.055,81.8718,187.047,98.2314,159.424,68.6909,120.981,69.0696,176.774,101.225,61.6673,81.3629,
76.3022,42.599,71.3042,139.223,272.419,192.934,111.622,54.8232,284.067,180.997,209.326,15.3383,15.0616,156.967,138.107,81.885,187.239,98.1995,159.41,68.6831,121.315,69.1995,177.115,101.353,62.0011,81.4989,
76.1872,42.5964,71.3647,139.213,272.391,192.929,111.565,54.7488,284.157,181.008,209.293,15.3657,15.1063,156.98,138.162,81.8989,187.432,98.1678,159.409,68.6829,121.659,69.3352,177.456,101.483,62.3279,81.6343,
76.2328,42.5971,71.3679,139.212,272.495,192.952,111.51,54.6769,284.087,180.998,209.309,15.3532,15.0232,156.956,138.215,81.9117,187.626,98.136,159.409,68.6828,121.998,69.4705,177.808,101.62,62.6532,81.7713,
76.2498,42.5978,71.5023,139.189,272.414,192.933,111.457,54.6083,284.044,180.992,209.42,15.2715,14.9986,156.948,138.271,81.925,187.812,98.1055,159.409,68.683,122.335,69.6079,178.146,101.754,62.9843,81.9133,
76.1628,42.592,71.343,139.216,272.401,192.929,111.406,54.5448,283.973,180.981,209.398,15.2885,14.9573,156.934,138.33,81.9388,187.999,98.0751,159.41,68.6832,122.681,69.7511,178.482,101.889,63.3266,82.0622,
76.2711,42.6011,71.2695,139.226,272.475,192.948,111.358,54.4842,283.799,180.952,209.294,15.3723,15.1355,156.989,138.389,81.9519,188.186,98.0452,159.411,68.6836,123.014,69.8905,178.823,102.029,63.6557,82.2063,
76.3348,42.6066,71.1209,139.247,272.493,192.952,111.312,54.4266,283.801,180.953,209.305,15.3628,15.3205,157.047,138.451,81.9656,188.377,98.0146,159.412,68.6843,123.352,70.0342,179.157,102.167,63.9884,82.3537,
76.3854,42.6106,71.1394,139.244,272.419,192.937,111.267,54.3712,283.744,180.944,209.285,15.3799,15.2273,157.018,138.515,81.9789,188.563,97.9849,159.413,68.6852,123.698,70.1822,179.49,102.308,64.3193,82.502,
76.3788,42.6104,71.2006,139.237,272.241,192.907,111.224,54.3197,283.794,180.95,209.378,15.2989,15.1018,156.977,138.578,81.9916,188.756,97.9543,159.429,68.6941,124.041,70.3303,179.823,102.452,64.6541,82.6552,
76.2058,42.6103,71.0548,139.258,272.261,192.911,111.181,54.2675,283.643,180.934,209.288,15.3771,14.9932,156.938,138.643,82.0042,188.947,97.9243,159.444,68.7031,124.372,70.4744,180.16,102.602,64.983,82.8085,
76.1648,42.6092,70.9686,139.269,272.368,192.936,111.14,54.2183,283.617,180.93,209.279,15.3846,14.8708,156.891,138.713,82.017,189.133,97.8952,159.46,68.7125,124.715,70.6254,180.495,102.752,65.3116,82.9649,
76.1988,42.612,70.8345,139.284,272.299,192.919,111.1,54.1711,283.429,180.899,209.304,15.3624,15.0529,156.964,138.785,82.0294,189.328,97.8646,159.476,68.7219,125.049,70.7742,180.827,102.904,65.6406,83.1238,
76.1265,42.6036,70.8673,139.28,272.363,192.934,111.062,54.1256,283.388,180.892,209.217,15.4388,15.2283,157.033,138.855,82.041,189.521,97.8344,159.492,68.7315,125.389,70.9276,181.159,103.057,65.9667,83.2821,
76.204,42.6136,70.9158,139.273,272.254,192.908,111.024,54.0822,283.378,180.89,209.307,15.3592,15.2604,157.046,138.93,82.0525,189.714,97.804,159.509,68.7414,125.724,71.0795,181.488,103.213,66.2915,83.4414,
76.2802,42.6243,71.0348,139.255,272.302,192.92,110.988,54.0404,283.44,180.904,209.342,15.3295,15.1508,157,139.003,82.063,189.902,97.7744,159.525,68.7515,126.055,71.2315,181.819,103.372,66.621,83.6056,
76.1944,42.6126,71.0231,139.257,272.291,192.917,110.953,53.9994,283.342,180.885,209.299,15.3658,15.0994,156.977,139.08,82.0733,190.092,97.7449,159.541,68.7613,126.385,71.3864,182.149,103.533,66.6746,83.6356,
76.2869,42.6229,70.9833,139.264,272.338,192.931,110.918,53.9602,283.39,180.895,209.249,15.4129,14.9537,156.904,139.159,82.0829,190.279,97.7164,159.558,68.7712,126.71,71.5414,182.474,103.696,66.7375,83.6803,
76.3345,42.628,70.8381,139.289,272.368,192.941,110.886,53.9231,283.321,180.878,209.24,15.4218,15.0514,156.953,139.24,82.0915,190.453,97.6908,159.574,68.7814,127.034,71.6993,182.808,103.865,66.7942,83.7303,
76.2023,42.6152,70.7996,139.294,272.44,192.966,110.853,53.8863,283.249,180.86,209.317,15.3465,15.2299,157.043,139.326,82.0996,190.623,97.6669,159.591,68.7915,127.371,71.8654,183.143,104.036,66.8378,83.7774,
76.252,42.6204,70.755,139.298,272.427,192.961,110.821,53.8508,283.177,180.842,209.35,15.3131,15.1661,157.012,139.411,82.1062,190.794,97.6444,159.608,68.8024,127.695,72.0271,183.467,104.203,66.878,83.8312,
76.1659,42.6099,70.728,139.3,272.403,192.951,110.79,53.8165,283.106,180.825,209.376,15.287,15.1552,157.006,139.501,82.1119,190.964,97.6237,159.626,68.8133,128.017,72.1908,183.791,104.373,66.9155,83.8942,
76.1536,42.6081,70.6872,139.302,272.405,192.952,110.761,53.7843,283.124,180.829,209.378,15.2844,15.1975,157.027,139.591,82.1161,191.118,97.6068,159.643,68.8243,128.337,72.3547,184.109,104.544,66.9416,83.9506,
76.083,42.5981,70.7364,139.299,272.481,192.982,110.733,53.7532,283.156,180.836,209.342,15.325,15.1302,156.991,139.687,82.1188,191.276,97.5916,159.66,68.8352,128.672,72.5283,184.426,104.716,66.9614,84.0076,
75.9387,42.5791,70.6319,139.306,272.441,192.966,110.705,53.7226,283.041,180.811,209.288,15.3898,15.0935,156.97,139.783,82.1195,191.421,97.5799,159.678,68.8469,128.992,72.6959,184.744,104.891,66.9758,84.0687,
75.8699,42.5705,70.6499,139.305,272.4,192.95,110.677,53.6926,282.945,180.79,209.319,15.3545,15.1465,157.003,139.878,82.1185,191.559,97.5712,159.695,68.8581,129.314,72.8672,185.064,105.07,66.9836,84.1275,
75.9645,42.581,70.7112,139.3,272.32,192.919,110.651,53.6639,282.963,180.794,209.301,15.3744,15.0607,156.948,139.972,82.1155,191.694,97.5654,159.714,68.8699,129.635,73.0396,185.388,105.252,66.9856,84.199,
75.9959,42.5846,70.728,139.299,272.198,192.869,110.625,53.6359,282.952,180.792,209.38,15.2818,14.9836,156.901,140.071,82.1104,191.821,97.5631,159.731,68.8815,129.959,73.2159,185.706,105.434,66.9805,84.2647,
75.9125,42.5729,70.6712,139.301,272.228,192.882,110.599,53.6086,282.999,180.803,209.303,15.3716,14.948,156.88,140.175,82.1023,191.938,97.5641,159.749,68.8935,130.282,73.3934,186.03,105.622,66.9675,84.3355,
75.9898,42.5842,70.6287,139.301,272.081,192.814,110.575,53.5827,283.005,180.805,209.258,15.4246,15.1146,156.978,140.28,82.0914,192.045,97.568,159.768,68.9061,130.606,73.5737,186.346,105.807,66.9451,84.4111,
75.9312,42.5749,70.6762,139.303,272.113,192.828,110.551,53.5574,282.888,180.781,209.299,15.3769,15.275,157.073,140.383,82.0779,192.147,97.5752,159.787,68.9185,130.93,73.7552,186.656,105.992,66.8191,84.7582,
75.7885,42.5526,70.7222,139.307,272.201,192.866,110.528,53.5325,282.744,180.753,209.352,15.3176,15.2502,157.059,140.494,82.0601,192.238,97.5851,159.805,68.931,131.257,73.9407,186.972,106.184,66.6928,85.1085,
75.7737,42.5504,70.5738,139.296,272.273,192.895,110.505,53.5085,282.659,180.735,209.263,15.4145,15.2671,157.068,140.606,82.0384,192.321,97.5976,159.825,68.9445,131.579,74.1233,187.282,106.375,66.5681,85.4469,
75.5831,42.5274,70.5903,139.297,272.375,192.937,110.483,53.4854,282.561,180.712,209.253,15.4251,15.3089,157.089,140.707,82.0151,192.397,97.6127,159.844,68.9579,131.903,74.3083,187.596,106.57,66.4398,85.7858,
75.5249,42.5199,70.5634,139.294,272.338,192.922,110.461,53.4631,282.55,180.71,209.233,15.4471,15.3535,157.11,140.808,81.9884,192.459,97.628,159.864,68.9716,132.216,74.4896,187.909,106.767,66.3053,86.1351,
75.3526,42.4953,70.5649,139.294,272.271,192.892,110.44,53.4414,282.536,180.707,209.183,15.5013,15.3422,157.105,140.907,81.9587,192.507,97.643,159.882,68.9849,132.534,74.6772,188.222,106.965,66.1737,86.4762,
75.2394,42.4793,70.4303,139.274,272.096,192.81,110.419,53.4194,282.528,180.705,209.166,15.5209,15.3151,157.094,141.004,81.9256,192.545,97.6569,159.902,68.9986,132.84,74.8594,188.525,107.161,66.0429,86.815,
75.2561,42.4819,70.3439,139.262,272.196,192.856,110.399,53.3983,282.576,180.718,209.186,15.4962,15.2907,157.084,141.093,81.8915,192.573,97.6693,159.921,69.0126,133.146,75.044,188.829,107.36,65.9112,87.1518,
75.2895,42.4878,70.1814,139.242,272.292,192.901,110.379,53.3777,282.49,180.695,209.209,15.4682,15.1466,157.016,141.179,81.855,192.576,97.6706,159.94,69.0263,133.458,75.2336,189.123,107.552,65.773,87.4984,
75.3548,42.4987,70.1838,139.242,272.217,192.865,110.359,53.3577,282.348,180.658,209.143,15.5439,15.1208,157.004,141.259,81.8171,192.556,97.6592,159.959,69.0405,133.773,75.4261,189.43,107.757,65.6345,87.8422,
75.386,42.5037,70.1886,139.243,272.11,192.813,110.34,53.3379,282.325,180.653,209.146,15.5406,15.1637,157.021,141.34,81.775,192.525,97.6388,159.979,69.0551,134.092,75.6213,189.736,107.963,65.4917,88.1926,
75.3886,42.5042,70.089,139.227,272.113,192.814,110.322,53.3193,282.447,180.676,209.097,15.5886,15.1376,157.011,141.413,81.7323,192.478,97.6055,159.998,69.0698,134.405,75.8147,190.045,108.173,65.3507,88.535,
75.3913,42.5049,69.989,139.209,272.049,192.787,110.303,53.3007,282.453,180.677,209.144,15.5445,15.0953,156.997,141.479,81.6896,192.418,97.5598,160.018,69.0846,134.716,76.0083,190.343,108.377,65.2113,88.8685,
75.4232,42.5133,69.806,139.176,272.052,192.789,110.286,53.2829,282.321,180.646,209.019,15.6661,15.2126,157.041,141.538,81.6483,192.348,97.502,160.037,69.0994,135.025,76.2038,190.639,108.584,65.0665,89.2101,
75.3971,42.5061,69.7961,139.174,272.123,192.816,110.269,53.2659,282.252,180.632,208.969,15.7164,15.1558,157.021,141.593,81.6047,192.272,97.436,160.056,69.1143,135.334,76.4013,190.942,108.798,64.9213,89.5478,
75.4119,42.5099,69.7837,139.172,272.086,192.801,110.252,53.2493,282.255,180.633,208.951,15.736,15.2455,157.049,141.641,81.5631,192.189,97.3593,160.075,69.1295,135.641,76.6004,191.237,109.01,64.7715,89.8914,
75.3863,42.5039,69.7106,139.161,271.976,192.753,110.236,53.2333,282.174,180.615,209.032,15.6388,15.2191,157.041,141.675,81.5294,192.103,97.2777,160.094,69.1444,135.952,76.8052,191.532,109.225,64.6251,90.2242,
75.2716,42.478,69.7126,139.161,271.936,192.736,110.221,53.2177,282.188,180.619,209.051,15.6144,15.178,157.028,141.838,81.6042,192.017,97.1922,160.112,69.1596,136.126,76.8995,191.831,109.446,64.4754,90.5599,
75.2029,42.464,69.6687,139.156,271.956,192.744,110.205,53.202,282.192,180.62,208.997,15.6871,15.1212,157.012,142.006,81.6939,191.927,97.101,160.13,69.1739,136.294,76.9895,192.116,109.659,64.3244,90.8941,
75.2945,42.4812,69.6604,139.155,271.919,192.73,110.19,53.1869,282.064,180.594,208.931,15.7798,15.0383,156.991,142.154,81.7943,191.843,97.015,160.147,69.1887,136.453,77.0759,192.404,109.877,64.173,91.2247,
75.2224,42.4667,69.645,139.152,271.824,192.692,110.174,53.1713,282.068,180.595,208.864,15.8773,15.0579,156.996,142.282,81.9265,191.758,96.9252,160.165,69.2037,136.618,77.1649,192.701,110.106,64.0195,91.5528,
75.3259,42.4906,69.5712,139.14,271.744,192.661,110.159,53.1562,282.084,180.597,208.932,15.7751,15.1763,157.031,142.398,82.0839,191.673,96.834,160.182,69.2179,136.789,77.2572,192.988,110.329,63.8621,91.882,
75.2967,42.4844,69.5158,139.132,271.758,192.666,110.144,53.1412,281.985,180.58,208.858,15.8846,15.1337,157.02,142.499,82.2645,191.592,96.7472,160.199,69.2327,136.965,77.3517,193.281,110.559,63.6983,92.2196,
75.3597,42.4962,69.4585,139.122,271.777,192.672,110.129,53.1266,281.957,180.575,208.887,15.8437,15.222,157.041,142.581,82.4603,191.511,96.6586,160.216,69.2474,137.14,77.4454,193.561,110.781,63.5389,92.545,
75.3163,42.4881,69.4324,139.117,271.71,192.654,110.114,53.112,281.928,180.569,208.835,15.9164,15.1523,157.024,142.653,82.6771,191.435,96.5746,160.232,69.2616,137.323,77.5435,193.842,111.007,63.3763,92.8723,
75.2462,42.4754,69.4804,139.126,271.669,192.644,110.099,53.0972,281.78,180.54,208.845,15.903,15.0404,156.998,142.703,82.9098,191.362,96.4939,160.247,69.2758,137.507,77.6413,194.125,111.238,63.209,93.206,
75.1165,42.4484,69.3172,139.094,271.666,192.643,110.084,53.0829,281.695,180.521,208.846,15.901,15.1166,157.015,142.744,83.1553,191.29,96.4145,160.264,69.2908,137.699,77.7416,194.408,111.469,63.0441,93.5329,
75.0593,42.4386,69.2619,139.084,271.729,192.661,110.07,53.0688,281.654,180.512,208.837,15.9125,15.0763,157.007,142.772,83.4151,191.222,96.3397,160.28,69.3054,137.9,77.8453,194.696,111.709,62.8807,93.8545,
75.0041,42.432,69.1788,139.07,271.671,192.646,110.056,53.0552,281.586,180.5,208.723,16.0712,14.9741,156.986,142.788,83.6896,191.156,96.2663,160.295,69.32,138.113,77.9535,194.977,111.944,62.7153,94.1782,
74.932,42.4238,69.1376,139.062,271.543,192.612,110.041,53.0411,281.603,180.502,208.68,16.1331,14.961,156.983,142.788,83.9726,191.092,96.1944,160.311,69.3348,138.332,78.0647,195.259,112.184,62.544,94.5118,
74.9024,42.4201,69.2253,139.078,271.504,192.601,110.027,53.0274,281.566,180.498,208.673,16.1437,15.1445,157.029,142.775,84.2528,191.031,96.1266,160.325,69.3489,138.551,78.1767,195.541,112.424,62.3738,94.8394,
74.8832,42.4176,69.2145,139.076,271.582,192.624,110.014,53.0145,281.642,180.505,208.69,16.1149,15.3281,157.075,142.755,84.5339,190.971,96.0607,160.34,69.363,138.778,78.2938,195.818,112.66,62.205,95.1587,
74.8883,42.4186,69.0718,139.041,271.514,192.605,110.001,53.0017,281.749,180.513,208.676,16.1386,15.2752,157.06,142.733,84.8087,190.916,95.999,160.354,69.3769,139.01,78.4137,196.1,112.901,62.0366,95.4717,
74.8453,42.4089,69.0199,139.028,271.396,192.573,109.987,52.9891,281.858,180.522,208.685,16.1236,15.2778,157.061,142.704,85.0788,190.861,95.9387,160.368,69.391,139.244,78.5373,196.384,113.146,61.8652,95.7875,
74.9067,42.4237,68.9372,139.002,271.244,192.534,109.975,52.9769,281.935,180.528,208.638,16.1974,15.2216,157.046,142.669,85.3459,190.807,95.8797,160.381,69.4044,139.485,78.6661,196.662,113.387,61.691,96.1062,
74.9108,42.4246,68.811,138.964,271.348,192.562,109.893,52.897,281.863,180.522,208.63,16.2089,15.2816,157.061,142.627,85.6117,190.755,95.8226,160.394,69.4181,139.733,78.8008,196.935,113.625,61.5191,96.4188,
75.0172,42.4496,68.8564,138.978,271.408,192.579,109.832,52.836,281.792,180.518,208.542,16.3337,15.3539,157.081,142.579,85.8635,190.705,95.7669,160.407,69.4317,139.978,78.9358,197.211,113.87,61.3364,96.7484,
75.0505,42.457,68.758,138.949,271.328,192.556,109.844,52.848,281.734,180.514,208.51,16.3803,15.3994,157.093,142.524,86.1172,190.658,95.7163,160.42,69.4449,140.232,79.0809,197.485,114.115,61.1574,97.0676,
75.157,42.4805,68.6504,138.918,271.45,192.59,109.866,52.873,281.691,180.509,208.521,16.3645,15.3439,157.078,142.464,86.3649,190.614,95.6676,160.432,69.4579,140.491,79.2328,197.761,114.362,60.9736,97.3908,
75.1596,42.4811,68.5951,138.9,271.382,192.573,109.812,52.8094,281.603,180.497,208.517,16.3707,15.2767,157.059,142.397,86.6156,190.571,95.621,160.442,69.4695,140.764,79.398,198.03,114.606,60.7915,97.7063,
75.1003,42.4686,68.4686,138.86,271.283,192.549,109.756,52.7414,281.531,180.487,208.428,16.53,15.1322,157.019,142.327,86.8564,190.528,95.5735,160.453,69.4816,141.04,79.5691,198.301,114.856,60.6094,98.0171,
75.1763,42.4872,68.5572,138.889,271.258,192.543,109.767,52.7553,281.473,180.48,208.406,16.568,15.0322,156.991,142.251,87.0889,190.488,95.5306,160.463,69.4922,141.317,79.7481,198.564,115.1,60.4203,98.3363,
75.2505,42.5062,68.5869,138.898,271.159,192.522,109.706,52.6766,281.522,180.485,208.375,16.6175,14.962,156.97,142.173,87.3119,190.449,95.4875,160.472,69.503,141.596,79.9345,198.832,115.353,60.235,98.6452,
75.2095,42.4957,68.69,138.926,271.043,192.494,109.688,52.6542,281.584,180.491,208.393,16.5892,14.9347,156.962,142.092,87.5281,190.409,95.4445,160.48,69.5125,141.881,80.1311,199.092,115.601,60.0452,98.9591,
75.2138,42.4966,68.7079,138.931,271.043,192.494,109.716,52.6898,281.555,180.488,208.417,16.5517,15.1268,157.013,142.006,87.736,190.372,95.4039,160.488,69.5214,142.158,80.3375,199.354,115.854,59.8546,99.2725,
75.1595,42.4859,68.6667,138.919,271.089,192.507,109.746,52.7281,281.529,180.484,208.396,16.5852,15.317,157.064,141.92,87.9356,190.337,95.366,160.496,69.5306,142.439,80.5538,199.612,116.105,59.6663,99.5772,
75.162,42.4864,68.6854,138.925,271.023,192.491,109.776,52.7671,281.605,180.496,208.356,16.6419,15.2912,157.056,141.833,88.1295,190.302,95.3289,160.502,69.5384,142.722,80.7831,199.879,116.37,59.4726,99.8859,
75.119,42.4759,68.7715,138.952,271.14,192.516,109.758,52.7451,281.443,180.471,208.337,16.6674,15.3685,157.078,141.748,88.3136,190.269,95.2925,160.507,69.5447,143.006,81.0213,200.134,116.626,59.276,100.195,
75.2093,42.5023,68.6598,138.915,271.157,192.52,109.68,52.6536,281.508,180.481,208.296,16.7302,15.4132,157.089,141.664,88.4871,190.236,95.2574,160.512,69.5508,143.281,81.2621,200.386,116.881,59.0773,100.503,
75.0421,42.4514,68.7371,138.94,271.279,192.551,109.598,52.5525,281.439,180.468,208.273,16.7674,15.4001,157.086,141.584,88.6538,190.206,95.2247,160.516,69.5554,143.561,81.5104,200.642,117.143,58.875,100.815,
74.885,42.4033,68.5717,138.889,271.166,192.523,109.619,52.5786,281.414,180.463,208.215,16.8704,15.3858,157.083,141.501,88.8256,190.175,95.1917,160.519,69.5591,143.832,81.7531,200.897,117.407,58.6714,101.127,
74.8596,42.3955,68.4289,138.845,271.212,192.534,109.611,52.568,281.431,180.466,208.218,16.8647,15.5091,157.114,141.418,88.9993,190.145,95.16,160.521,69.5616,144.094,81.9911,201.158,117.679,58.4698,101.433,
74.7027,42.3455,68.5195,138.872,271.198,192.531,109.536,52.4745,281.387,180.458,208.233,16.8348,15.5116,157.115,141.335,89.173,190.117,95.1295,160.522,69.5634,144.372,82.2463,201.412,117.945,58.2634,101.743,
74.6191,42.3174,68.5283,138.874,271.125,192.514,109.491,52.4211,281.333,180.447,208.292,16.7231,15.468,157.106,141.249,89.351,190.089,95.0993,160.523,69.564,144.643,82.4971,201.662,118.211,58.0592,102.047,
74.5375,42.2907,68.537,138.877,271.083,192.505,109.445,52.3668,281.293,180.438,208.279,16.7484,15.4854,157.109,141.164,89.5261,190.061,95.07,160.522,69.5632,144.91,82.7464,201.907,118.476,57.8529,102.35,
74.631,42.3179,68.546,138.879,271.146,192.52,109.418,52.3349,281.255,180.431,208.325,16.6532,15.3879,157.094,141.084,89.6921,190.035,95.0418,160.521,69.5614,145.175,82.9984,202.152,118.744,57.6455,102.653,
74.5742,42.3031,68.5554,138.882,271.132,192.517,109.43,52.3488,281.232,180.426,208.287,16.7324,15.316,157.084,141.001,89.8639,190.009,95.0143,160.518,69.5583,145.448,83.26,202.402,119.022,57.4305,102.964,
74.6077,42.3116,68.5647,138.884,271.062,192.504,109.413,52.3276,281.338,180.45,208.282,16.7452,15.2468,157.076,140.916,90.0393,189.984,94.9882,160.515,69.554,145.718,83.5206,202.638,119.285,57.2237,103.26,
74.4812,42.2756,68.5745,138.887,271.017,192.495,109.416,52.3307,281.388,180.46,208.271,16.7729,15.2371,157.075,140.832,90.2148,189.96,94.9626,160.511,69.5482,145.979,83.7746,202.881,119.558,57.0136,103.554,
74.4023,42.2518,68.5841,138.889,270.964,192.483,109.4,52.3108,281.403,180.462,208.257,16.8124,15.2121,157.07,140.746,90.3918,189.936,94.9369,160.506,69.541,146.232,84.0246,203.129,119.837,56.8005,103.85,
74.3448,42.2337,68.5944,138.892,270.965,192.483,109.286,52.175,281.292,180.446,208.229,16.8801,15.1695,157.063,140.665,90.5591,189.913,94.9134,160.5,69.5328,146.484,84.276,203.374,120.113,56.5872,104.143,
74.376,42.2427,68.605,138.894,270.879,192.464,109.308,52.2021,281.179,180.427,208.217,16.9062,15.0978,157.049,140.581,90.7324,189.89,94.8893,160.494,69.5234,146.74,84.5331,203.613,120.384,56.3707,104.435,
74.3357,42.2311,68.6151,138.897,270.727,192.433,109.21,52.077,281.3,180.449,208.188,16.9707,15.0881,157.047,140.497,90.9069,189.869,94.867,160.487,69.5129,146.991,84.787,203.859,120.664,56.1459,104.735,
74.4234,42.2556,68.6255,138.899,270.66,192.42,109.192,52.0542,281.35,180.458,208.208,16.9268,15.1059,157.05,140.411,91.0851,189.847,94.8437,160.479,69.5008,147.251,85.0518,204.096,120.939,55.9239,105.028,
74.2966,42.2203,68.6364,138.902,270.691,192.425,109.185,52.0449,281.35,180.458,208.215,16.9112,15.0933,157.047,140.326,91.2604,189.826,94.8223,160.47,69.4877,147.511,85.3194,204.328,121.21,55.7007,105.319,
74.1958,42.1887,68.6479,138.905,270.542,192.404,109.136,51.9694,281.295,180.451,208.223,16.8952,14.9616,157.021,140.241,91.4349,189.806,94.8005,160.46,69.4737,147.76,85.5797,204.566,121.491,55.4761,105.609,
74.0381,42.1367,68.6595,138.907,270.368,192.38,109.114,51.9308,281.269,180.449,208.238,16.8634,14.9777,157.024,140.163,91.5959,189.786,94.7805,160.45,69.458,148.014,85.8485,204.803,121.772,55.2452,105.905,
74.0988,42.1558,68.671,138.91,270.415,192.386,109.08,51.8703,281.286,180.45,208.246,16.8463,15.1657,157.067,140.086,91.752,189.767,94.7599,160.439,69.4419,148.272,86.1242,205.04,122.058,55.0168,106.196,
74.2325,42.1977,68.6827,138.913,270.3,192.369,109.074,51.86,281.154,180.441,208.24,16.858,15.3523,157.109,140.012,91.9011,189.748,94.7403,160.428,69.4244,148.52,86.3904,205.271,122.338,54.7849,106.488,
74.2933,42.2166,68.6948,138.915,270.425,192.39,109.054,51.823,281.036,180.433,208.221,16.8922,15.2403,157.085,139.933,92.0551,189.729,94.7205,160.416,69.4055,148.769,86.6594,205.498,122.615,54.5552,106.774,
74.2099,42.1894,68.7071,138.918,270.472,192.397,109.031,51.7837,281.039,180.434,208.186,16.953,15.2155,157.079,139.857,92.2008,189.71,94.7013,160.403,69.3857,149.022,86.933,205.728,122.898,54.3264,107.055,
74.2128,42.1904,68.7198,138.92,270.46,192.395,109.001,51.7337,280.875,180.42,208.203,16.9234,15.2185,157.08,139.78,92.3438,189.692,94.6827,160.39,69.3654,149.273,87.2071,205.956,123.183,54.0912,107.342,
74.1753,42.1768,68.7321,138.923,270.418,192.388,109.026,51.7732,280.849,180.418,208.136,17.0377,15.2633,157.091,139.703,92.4833,189.676,94.6652,160.376,69.345,149.526,87.4849,206.179,123.466,53.8587,107.622,
74.1826,42.1799,68.7449,138.925,270.331,192.376,108.946,51.652,280.837,180.417,208.108,17.088,15.2244,157.081,139.625,92.6206,189.658,94.6473,160.362,69.3226,149.772,87.7567,206.406,123.757,53.6159,107.91,
74.2666,42.2176,68.7582,138.928,270.206,192.359,108.972,51.692,280.858,180.419,208.095,17.1148,15.1275,157.057,139.546,92.7533,189.642,94.6301,160.348,69.3003,150.023,88.0379,206.632,124.051,53.387,108.181,
74.1182,42.1529,68.7716,138.93,270.135,192.349,108.997,51.7312,280.815,180.414,208.064,17.1813,15.2311,157.081,139.466,92.8836,189.626,94.614,160.333,69.2769,150.268,88.3134,206.857,124.343,53.1437,108.466,
74.0394,42.1199,68.7851,138.933,270.26,192.368,109.047,51.8084,280.798,180.412,208.012,17.2847,15.1761,157.066,139.386,93.0089,189.61,94.5971,160.317,69.2525,150.508,88.5879,207.075,124.628,52.9049,108.745,
74.0115,42.1095,68.799,138.935,270.148,192.351,108.999,51.7343,280.726,180.409,207.997,17.3123,15.2209,157.079,139.303,93.1327,189.595,94.5814,160.302,69.2288,150.754,88.873,207.298,124.923,52.666,109.023,
74.0144,42.1104,68.8126,138.938,270.18,192.357,108.973,51.6936,280.657,180.407,208.014,17.2828,15.1679,157.064,139.22,93.2524,189.58,94.566,160.286,69.2033,151,89.1583,207.522,125.22,52.4252,109.299,
74.0037,42.1068,68.8272,138.94,270.106,192.341,108.965,51.6802,280.555,180.404,208.079,17.1751,15.04,157.028,139.138,93.3656,189.565,94.5506,160.271,69.1791,151.243,89.4433,207.735,125.506,52.1863,109.569,
73.9094,42.0746,68.8418,138.943,270.2,192.362,109.006,51.7447,280.573,180.405,208.025,17.2623,14.9975,157.017,139.057,93.4739,189.55,94.5358,160.255,69.1541,151.484,89.7268,207.946,125.792,51.9456,109.838,
73.8854,42.0652,68.856,138.945,270.185,192.359,109.033,51.7862,280.487,180.402,208.011,17.2847,14.8982,156.991,138.971,93.5837,189.546,94.5315,160.239,69.1279,151.718,90.0055,208.164,126.091,51.6959,110.113,
73.8621,42.0553,68.8716,138.947,270.174,192.357,108.995,51.7273,280.628,180.407,207.935,17.3936,15.0765,157.042,138.891,93.6809,189.542,94.5275,160.222,69.1023,151.957,90.2942,208.377,126.387,51.4433,110.391,
73.7392,42.0078,68.8871,138.95,270.136,192.347,108.997,51.7315,280.632,180.407,207.918,17.4175,15.2579,157.093,138.813,93.773,189.539,94.5237,160.206,69.076,152.189,90.5761,208.595,126.695,51.19,110.667,
73.8,42.0309,68.9023,138.952,270.269,192.386,108.971,51.687,280.603,180.407,207.975,17.3445,15.3329,157.114,138.732,93.8655,189.535,94.5203,160.189,69.0499,152.417,90.8576,208.81,126.999,50.9438,110.932,
73.7742,42.0212,68.9175,138.954,270.301,192.396,108.973,51.6903,280.532,180.41,207.929,17.4011,15.2624,157.095,138.656,93.9486,189.532,94.5173,160.173,69.0236,152.649,91.148,209.015,127.295,50.7006,111.191,
73.697,41.9921,68.9335,138.956,270.319,192.402,109.039,51.7896,280.533,180.41,207.88,17.4571,15.3101,157.108,138.578,94.0322,189.53,94.5147,160.156,68.9972,152.878,91.438,209.226,127.601,50.4428,111.464,
73.685,41.9872,68.949,138.958,270.35,192.411,108.957,51.6649,280.49,180.414,207.953,17.3763,15.211,157.079,138.503,94.1094,189.528,94.5123,160.14,68.9713,153.102,91.724,209.433,127.905,50.1906,111.727,
73.7041,41.9949,68.9651,138.96,270.478,192.45,108.911,51.5927,280.419,180.421,207.976,17.352,15.1015,157.047,138.428,94.1833,189.526,94.5102,160.123,68.9457,153.327,92.0161,209.636,128.205,49.9329,111.993,
73.593,41.9494,68.981,138.962,270.468,192.447,108.936,51.6315,280.53,180.41,207.867,17.4697,15.1179,157.052,138.357,94.253,189.536,94.5211,160.106,68.9188,153.546,92.3036,209.845,128.517,49.6726,112.26,
73.4564,41.8941,68.9976,138.964,270.409,192.432,108.899,51.5702,280.503,180.413,207.747,17.5999,15.0197,157.02,138.288,94.3176,189.546,94.532,160.091,68.8938,153.767,92.5992,210.047,128.821,49.4131,112.524,
73.4595,41.8954,69.0144,138.966,270.534,192.461,108.885,51.5455,280.371,180.428,207.749,17.5982,14.9371,156.993,138.22,94.3797,189.556,94.5428,160.074,68.8683,153.803,92.6523,210.254,129.136,49.1472,112.793,
73.353,41.8517,69.031,138.968,270.453,192.441,108.871,51.5193,280.341,180.432,207.7,17.6515,14.9851,157.008,138.155,94.4383,189.567,94.554,160.059,68.8437,153.838,92.7171,210.459,129.448,48.8831,113.06,
73.2117,41.792,69.0484,138.97,270.397,192.427,108.902,51.5725,280.372,180.428,207.724,17.6266,15.1681,157.062,138.088,94.4963,189.577,94.5652,160.042,68.8181,153.861,92.776,210.658,129.753,48.6162,113.328,
73.2144,41.7931,69.0654,138.971,270.279,192.399,108.882,51.5364,280.436,180.421,207.695,17.6558,15.3442,157.115,138.021,94.5534,189.587,94.5762,160.026,68.7924,153.88,92.8418,210.86,130.067,48.3553,113.588,
73.1887,41.7829,69.0825,138.973,270.15,192.37,108.826,51.4292,280.377,180.427,207.7,17.651,15.3918,157.129,137.952,94.6103,189.598,94.5877,160.01,68.7667,153.894,92.9182,211.062,130.384,48.0974,113.843,
73.0973,41.7484,69.1005,138.975,270.257,192.394,108.841,51.4598,280.366,180.428,207.637,17.7058,15.4524,157.145,137.885,94.6638,189.608,94.5988,159.994,68.7425,153.939,93.2963,211.257,130.693,47.8401,114.094,
72.9695,41.7047,69.118,138.976,270.201,192.38,108.811,51.3954,280.276,180.431,207.685,17.6649,15.3428,157.115,137.816,94.718,189.618,94.6101,159.979,68.718,153.988,93.6759,211.448,131,47.5724,114.353,
73.0589,41.7336,69.1364,138.978,270.19,192.378,108.784,51.3308,280.28,180.431,207.651,17.6945,15.4343,157.142,137.744,94.7731,189.628,94.6216,159.963,68.694,154.035,94.0541,211.641,131.315,47.304,114.609,
73.1044,41.748,69.155,138.979,270.193,192.379,108.806,51.3884,280.355,180.431,207.632,17.7132,15.4381,157.143,137.677,94.8233,189.638,94.6321,159.947,68.6696,154.082,94.4268,211.828,131.623,47.0387,114.86,
72.9883,41.714,69.1725,138.98,270.037,192.347,108.816,51.4154,280.329,180.43,207.527,17.8141,15.4112,157.136,137.61,94.8725,189.648,94.6431,159.932,68.6461,154.126,94.7942,212.018,131.941,46.77,115.11,
72.945,41.7014,69.1914,138.982,269.995,192.339,108.764,51.2617,280.24,180.429,207.508,17.832,15.3906,157.13,137.544,94.9193,189.657,94.6542,159.918,68.6232,154.17,95.1648,212.199,132.244,46.5009,115.357,
72.8742,41.6774,69.2095,138.983,269.957,192.332,108.746,51.2091,280.151,180.425,207.499,17.8411,15.2964,157.098,137.478,94.9645,189.667,94.6646,159.903,68.6001,154.215,95.5461,212.382,132.557,46.2278,115.604,
72.7401,41.6268,69.228,138.984,270.048,192.353,108.75,51.2241,280.023,180.418,207.436,17.9013,15.2569,157.085,137.415,95.0072,189.676,94.6753,159.889,68.5788,154.26,95.9181,212.569,132.88,45.9549,115.848,
72.6461,41.591,69.2471,138.985,270.037,192.351,108.752,51.2282,279.997,180.416,207.374,17.9622,15.2733,157.091,137.349,95.0507,189.685,94.6854,159.875,68.5577,154.306,96.2878,212.746,133.191,45.6823,116.089,
72.6785,41.6035,69.2656,138.986,269.903,192.325,108.766,51.272,279.999,180.416,207.365,17.9698,15.358,157.122,137.285,95.0917,189.693,94.6953,159.862,68.5369,154.353,96.6688,212.931,133.515,45.4063,116.331,
72.5855,41.565,69.2847,138.987,269.952,192.334,108.772,51.2895,280.14,180.423,207.324,18.0081,15.2898,157.096,137.222,95.131,189.702,94.7055,159.849,68.5171,154.399,97.041,213.11,133.832,45.1291,116.571,
72.5891,41.5665,69.3033,138.988,269.807,192.309,108.759,51.2506,280.206,180.426,207.229,18.1003,15.3212,157.109,137.157,95.1702,189.71,94.7153,159.836,68.4972,154.444,97.416,213.293,134.155,44.8519,116.808,
72.6195,41.5785,69.3228,138.988,269.923,192.329,108.746,51.2117,280.147,180.423,207.241,18.0883,15.2563,157.08,137.094,95.2075,189.719,94.7251,159.823,68.4778,154.49,97.7966,213.475,134.478,44.5696,117.045,
72.4863,41.5267,69.3425,138.989,269.834,192.313,108.738,51.1851,280.237,180.431,207.17,18.1598,15.2336,157.07,137.034,95.242,189.727,94.7348,159.811,68.4587,154.536,98.1779,213.654,134.798,44.2848,117.282,
72.4197,41.5025,69.3612,138.99,269.762,192.298,108.747,51.2179,280.298,180.437,207.084,18.2437,15.3045,157.098,136.975,95.2748,189.735,94.7443,159.799,68.4407,154.58,98.5495,213.835,135.124,44.0099,117.51,
72.4227,41.5035,69.38,138.99,269.66,192.276,108.73,51.1472,280.27,180.434,207.064,18.2621,15.2837,157.091,136.915,95.3071,189.743,94.754,159.787,68.4226,154.622,98.9197,214.011,135.446,43.7261,117.742,
72.4549,41.515,69.399,138.991,269.547,192.247,108.737,51.1802,280.349,180.443,207.066,18.2611,15.2726,157.087,136.855,95.3386,189.751,94.7633,159.775,68.4042,154.664,99.294,214.189,135.774,43.4375,117.976,
72.4845,41.526,69.4184,138.991,269.518,192.238,108.717,51.0985,280.441,180.452,207.149,18.1906,15.128,157.042,136.8,95.3669,189.758,94.7722,159.764,68.3871,154.707,99.6688,214.364,136.102,43.1525,118.203,
72.3455,41.4717,69.4366,138.991,269.492,192.229,108.714,51.0872,280.428,180.451,207.096,18.2356,15.0864,157.029,136.747,95.3934,189.766,94.7814,159.753,68.3703,154.752,100.049,214.533,136.419,42.8627,118.432,
72.3079,41.4561,69.4558,138.992,269.537,192.244,108.727,51.1335,280.509,180.456,207.033,18.2905,15.1019,157.034,136.691,95.4206,189.773,94.7904,159.742,68.3539,154.797,100.43,214.709,136.751,42.566,118.666,
72.1978,41.4099,69.4744,138.992,269.511,192.235,108.759,51.2516,280.506,180.456,207.068,18.2584,15.0293,157.016,136.638,95.4454,189.78,94.799,159.732,68.3377,154.842,100.804,214.876,137.07,42.2755,118.892,
72.1338,41.3831,69.4935,138.992,269.556,192.251,108.745,51.1969,280.614,180.454,207.039,18.2849,15.0611,157.024,136.587,95.4689,189.787,94.8071,159.722,68.3223,154.887,101.182,215.042,137.392,41.9793,119.121,
72.0011,41.325,69.5127,138.992,269.675,192.292,108.749,51.2143,280.621,180.454,206.917,18.3909,15.1223,157.041,136.534,95.4923,189.794,94.8154,159.712,68.307,154.934,101.563,215.211,137.726,41.6854,119.346,
72.0337,41.3387,69.5313,138.992,269.663,192.288,108.723,51.083,280.637,180.454,206.985,18.3314,15.0712,157.029,136.484,95.5139,189.8,94.8237,159.701,68.2915,154.979,101.935,215.375,138.054,41.3945,119.568,
71.9942,41.323,69.5505,138.992,269.666,192.289,108.732,51.1298,280.48,180.459,206.963,18.3514,15.059,157.027,136.435,95.5344,189.807,94.8317,159.692,68.2771,155.024,102.316,215.541,138.389,41.0931,119.795,
71.8761,41.2735,69.569,138.991,269.682,192.294,108.73,51.1184,280.561,180.455,206.892,18.4191,14.9897,157.015,136.385,95.5548,189.813,94.8393,159.682,68.2622,155.069,102.697,215.698,138.709,40.809,120.007,
71.9611,41.3112,69.5879,138.991,269.743,192.311,108.722,51.0632,280.446,180.462,206.961,18.3545,15.0221,157.02,136.339,95.5726,189.818,94.8467,159.673,68.2482,155.113,103.073,215.856,139.036,40.5112,120.228,
71.9337,41.2995,69.6066,138.991,269.805,192.33,108.703,50.9172,280.478,180.46,207.039,18.2807,15.2133,157.053,136.293,95.5904,189.824,94.8541,159.663,68.2337,155.155,103.441,216.014,139.369,40.2213,120.441,
71.8772,41.279,69.6247,138.991,269.718,192.304,108.701,50.9048,280.42,180.465,206.957,18.3577,15.1747,157.047,136.248,95.6069,189.83,94.8614,159.654,68.2198,155.197,103.813,216.169,139.701,39.9164,120.664,
71.7932,41.2514,69.6429,138.99,269.689,192.297,108.68,50.7769,280.395,180.467,207.038,18.2837,15.1347,157.042,136.202,95.6233,189.835,94.8682,159.645,68.2059,155.239,104.191,216.327,140.044,39.6214,120.877,
71.7944,41.2518,69.6623,138.99,269.617,192.283,108.683,50.7944,280.2,180.475,207.019,18.3002,15.0611,157.029,136.161,95.6378,189.84,94.8748,159.636,68.1928,155.282,104.57,216.482,140.384,39.3173,121.094,
71.8144,41.2566,69.6811,138.989,269.711,192.299,108.693,50.8591,280.083,180.482,207.009,18.3082,14.9639,157.011,136.118,95.6522,189.845,94.881,159.627,68.1794,155.323,104.937,216.632,140.714,39.0194,121.305,
71.8641,41.2671,69.6992,138.989,269.688,192.296,108.691,50.8478,280.041,180.485,207.035,18.289,14.9368,157.006,136.075,95.666,189.85,94.887,159.619,68.1667,155.366,105.31,216.783,141.053,38.7179,121.517,
71.8819,41.2707,69.7173,138.988,269.583,192.285,108.689,50.8369,280.089,180.483,207.095,18.2438,15.1237,157.048,136.035,95.6787,189.854,94.8931,159.611,68.1545,155.41,105.687,216.928,141.386,38.4156,121.727,
71.8251,41.2592,69.7359,138.987,269.584,192.285,108.705,50.9148,280.077,180.483,207.085,18.2511,15.3146,157.092,135.995,95.6908,189.859,94.8987,159.603,68.1427,155.452,106.056,217.07,141.718,38.1145,121.934,
71.7711,41.2484,69.7545,138.987,269.496,192.282,108.705,50.9175,279.895,180.493,207.05,18.2786,15.2009,157.067,135.957,95.702,189.863,94.9046,159.595,68.1302,155.494,106.425,217.211,142.056,37.8122,122.139,
71.8643,41.2678,69.7725,138.986,269.343,192.277,108.719,51.0105,279.915,180.491,207.064,18.2683,15.1895,157.065,135.918,95.713,189.867,94.9099,159.587,68.118,155.535,106.805,217.353,142.4,37.5038,122.344,
71.867,41.2683,69.7902,138.985,269.331,192.276,108.737,51.1332,279.783,180.501,207.057,18.2734,15.1785,157.062,135.882,95.723,189.871,94.9148,159.579,68.1062,155.576,107.185,217.487,142.732,37.1907,122.551,
71.8698,41.2689,69.8075,138.984,269.213,192.264,108.715,50.9762,279.696,180.506,207.012,18.31,15.2261,157.071,135.846,95.7324,189.874,94.92,159.553,68.0701,155.616,107.559,217.617,143.061,36.8817,122.754,
71.9033,41.2756,69.8248,138.983,269.2,192.263,108.731,51.083,279.729,180.504,206.942,18.3677,15.1223,157.054,135.81,95.7416,189.878,94.9249,159.582,68.1081,155.655,107.931,217.756,143.413,36.5743,122.952,
71.8339,41.262,69.8421,138.982,269.158,192.255,108.717,50.996,279.822,180.499,207.006,18.3188,15.0823,157.049,135.775,95.7503,189.881,94.9293,159.566,68.0868,155.694,108.301,217.891,143.762,36.2684,123.146,
71.8967,41.2752,69.8595,138.982,269.207,192.265,108.705,50.9256,279.886,180.496,206.853,18.4319,15.0252,157.043,135.74,95.7586,189.884,94.9336,159.578,68.1033,155.733,108.67,218.027,144.114,35.9604,123.337,
71.945,41.2862,69.8762,138.981,269.226,192.269,108.71,50.9541,279.711,180.507,206.843,18.4396,14.8978,157.034,135.707,95.7659,189.887,94.9377,159.589,68.12,155.772,109.044,218.154,144.446,35.655,123.525,
71.8431,41.2614,69.8929,138.98,269.114,192.25,108.724,51.016,279.654,180.512,206.813,18.4655,14.8103,157.026,135.674,95.7731,189.89,94.9415,159.574,68.0967,155.809,109.411,218.279,144.783,35.3493,123.711,
71.8744,41.2697,69.9091,138.979,269.222,192.267,108.725,51.0188,279.687,180.508,206.749,18.5244,14.9995,157.042,135.643,95.7796,189.893,94.9452,159.489,67.9661,155.848,109.793,218.403,145.122,35.0439,123.894,
71.8793,41.2711,69.9259,138.978,269.342,192.287,108.736,51.0667,279.707,180.505,206.73,18.541,15.1947,157.059,135.613,95.7856,189.896,94.9489,159.483,67.9566,155.885,110.168,218.531,145.478,34.7312,124.08,
71.7142,41.2191,69.9424,138.976,269.391,192.296,108.74,51.0809,279.666,180.51,206.631,18.6233,15.3858,157.075,135.582,95.7916,189.898,94.9522,159.513,68.0117,155.924,110.55,218.65,145.813,34.4207,124.263,
71.5869,41.1815,69.9581,138.975,269.379,192.293,108.723,51.0242,279.536,180.521,206.552,18.6886,15.3779,157.075,135.552,95.7973,189.9,94.9555,159.472,67.9364,155.961,110.929,218.774,146.168,34.0992,124.451,
71.5755,41.178,69.9749,138.974,269.208,192.255,108.737,51.0709,279.645,180.511,206.421,18.7998,15.3699,157.074,135.524,95.8022,189.902,94.9586,159.504,67.9922,155.997,111.297,218.89,146.505,33.7748,124.639,
71.5197,41.1569,69.9912,138.973,269.136,192.238,108.734,51.0593,279.531,180.521,206.388,18.8261,15.3619,157.074,135.497,95.8067,189.904,94.9614,159.535,68.0486,156.035,111.68,219.009,146.856,33.4649,124.817,
71.4851,41.1437,69.8546,138.983,269.182,192.249,108.725,51.0186,279.503,180.523,206.377,18.8352,15.3538,157.073,135.469,95.8111,189.906,94.9641,159.529,68.0381,156.072,112.062,219.128,147.213,33.1411,125,
71.4156,41.1211,69.9465,138.977,269.169,192.246,108.711,50.9481,279.568,180.522,206.272,18.921,15.3455,157.072,135.442,95.8153,189.908,94.9666,159.48,67.9533,156.107,112.434,219.246,147.571,32.8183,125.18,
71.3622,41.1042,69.8403,138.983,269.066,192.221,108.714,50.9645,279.447,180.521,206.299,18.8989,15.337,157.072,135.415,95.8192,189.91,94.9688,159.458,67.9161,156.142,112.812,219.357,147.912,32.4895,125.362,
71.4221,41.124,69.9027,138.98,268.889,192.183,108.723,51.0121,279.435,180.52,206.395,18.8189,15.3289,157.071,135.391,95.8227,189.911,94.9709,159.491,67.9705,156.177,113.187,219.472,148.265,32.1599,125.543,
71.4398,41.1301,69.8009,138.984,268.892,192.184,108.741,51.105,279.448,180.52,206.423,18.7969,15.3204,157.071,135.365,95.826,189.912,94.9726,159.538,68.0477,156.212,113.567,219.581,148.607,31.8372,125.719,
71.3594,41.1027,69.8482,138.982,268.804,192.168,108.736,51.0776,279.359,180.525,206.377,18.8323,15.3117,157.071,135.341,95.8291,189.913,94.9744,159.549,68.0656,156.246,113.949,219.69,148.954,31.5971,125.854,
71.3757,41.108,69.8351,138.982,268.851,192.176,108.746,51.14,279.333,180.526,206.283,18.9079,15.3028,157.07,135.317,95.832,189.915,94.976,159.533,68.0421,156.279,114.319,219.8,149.312,31.3627,126.001,
71.4068,41.1186,69.7182,138.981,268.915,192.188,108.762,51.2328,279.333,180.526,206.241,18.9427,15.294,157.07,135.294,95.8345,189.915,94.9772,159.455,67.9378,156.313,114.692,219.91,149.673,31.0568,126.201,
71.3562,41.1026,69.755,138.983,268.974,192.2,108.78,51.327,279.189,180.518,206.165,19.0063,15.2846,157.07,135.27,95.837,189.9,94.9563,159.346,67.7962,156.346,115.066,219.995,149.933,30.7511,126.399,
71.3156,41.091,69.7426,138.982,268.84,192.174,108.773,51.291,279.104,180.513,206.073,19.0819,15.2752,157.069,135.248,95.8392,189.839,94.8746,159.256,67.6786,156.378,115.441,220.092,150.195,30.4458,126.594,
71.3352,41.0972,69.7447,138.982,268.796,192.164,108.777,51.3238,279.196,180.522,205.995,19.1438,15.2651,157.069,135.225,95.8413,189.85,94.8897,159.186,67.588,156.41,115.821,220.225,150.529,30.1368,126.788,
71.4398,41.1331,69.7945,138.983,268.697,192.138,108.778,51.3267,279.051,180.506,206.043,19.1058,15.2554,157.069,135.203,95.8432,189.834,94.8669,159.178,67.5771,156.442,116.201,220.359,150.877,29.8277,126.98,
71.4285,41.1292,69.8272,138.983,268.565,192.104,108.769,51.254,279.004,180.502,205.94,19.1884,15.2457,157.069,135.182,95.8448,189.786,94.7961,159.189,67.5923,156.473,116.563,220.491,151.224,29.5119,127.173,
71.3873,41.116,69.9067,138.986,268.438,192.069,108.773,51.2869,278.932,180.498,205.896,19.2219,15.2358,157.069,135.162,95.8463,189.753,94.7471,159.171,67.569,156.503,116.937,220.622,151.571,29.1937,127.367,
71.4601,41.1357,69.7222,138.979,268.397,192.057,108.764,51.1998,278.877,180.496,205.747,19.3288,15.2257,157.069,135.142,95.8477,189.754,94.7495,159.173,67.5712,156.533,117.318,220.749,151.914,28.876,127.559,
71.5363,41.1555,69.7533,138.981,268.344,192.04,108.766,51.217,278.986,180.501,205.631,19.4112,15.2154,157.069,135.123,95.8489,189.73,94.7143,159.145,67.5347,156.563,117.691,220.879,152.267,28.6461,127.702,
71.4068,41.1208,69.8165,138.986,268.334,192.037,108.768,51.2353,278.96,180.5,205.526,19.4873,15.2045,157.069,135.104,95.8499,189.649,94.5925,159.122,67.4992,156.594,118.074,221.004,152.609,28.4197,127.857,
71.4089,41.1214,69.6577,138.974,268.307,192.03,108.772,51.2682,278.963,180.5,205.409,19.5754,15.1932,157.069,135.084,95.8509,189.685,94.6456,159.049,67.384,156.625,118.451,221.132,152.965,28.1142,128.076,
71.4258,41.126,69.6162,138.971,268.225,192.004,108.772,51.2708,278.806,180.486,205.33,19.6384,15.1823,157.069,135.066,95.8518,189.702,94.6708,159.065,67.4101,156.656,118.834,221.256,153.312,27.8157,128.288,
71.369,41.1077,69.4572,138.959,268.11,191.973,108.75,51.1119,278.751,180.481,205.301,19.6625,15.1714,157.07,135.049,95.8525,189.767,94.7596,159.059,67.3999,156.686,119.212,221.379,153.661,27.5177,128.496,
71.3733,41.1091,69.3709,138.952,268.143,191.981,108.754,51.146,278.725,180.479,205.22,19.7308,15.1603,157.07,135.032,95.8531,189.784,94.785,159.046,67.378,156.718,119.594,221.498,154.007,27.217,128.704,
71.3603,41.1051,69.3741,138.952,268.249,192.01,108.749,51.103,278.551,180.463,205.187,19.7586,15.1484,157.071,135.015,95.8536,189.794,94.8002,159.01,67.3149,156.749,119.976,221.62,154.365,26.9125,128.911,
71.2075,41.0613,69.3155,138.946,268.137,191.979,108.73,50.986,278.584,180.466,205.233,19.7166,15.1364,157.071,134.998,95.854,189.773,94.766,158.998,67.2923,156.779,120.347,221.708,154.612,26.6027,129.119,
71.2655,41.0771,69.2429,138.937,268.039,191.951,108.731,50.9903,278.543,180.462,205.301,19.6564,15.1241,157.072,134.981,95.8543,189.721,94.6755,158.963,67.2284,156.807,120.718,221.814,154.87,26.297,129.324,
71.2397,41.0703,69.3032,138.944,268.014,191.944,108.723,50.936,278.501,180.459,205.236,19.7144,15.1113,157.073,134.964,95.8546,189.671,94.5842,158.92,67.1519,156.834,121.096,221.957,155.204,26.072,129.482,
71.3595,41.1028,69.3365,138.948,267.961,191.928,108.734,51.0149,278.351,180.447,205.24,19.7107,15.0981,157.073,134.948,95.8548,189.6,94.4592,158.868,67.0646,156.861,121.475,222.099,155.544,25.8561,129.647,
71.3181,41.0903,69.2362,138.937,267.922,191.917,108.717,50.8843,278.399,180.452,205.243,19.7079,15.0847,157.074,134.932,95.8548,189.544,94.36,158.8,66.9527,156.886,121.852,222.234,155.872,25.567,129.878,
71.2351,41.0625,69.1159,138.924,267.735,191.869,108.699,50.7685,278.358,180.447,205.233,19.7157,15.0722,157.076,134.917,95.8549,189.492,94.2681,158.792,66.9411,156.912,122.235,222.376,156.22,25.2768,130.105,
71.2791,41.0758,69.1199,138.925,267.605,191.836,108.71,50.8311,278.333,180.443,205.206,19.7339,15.0591,157.077,134.902,95.8548,189.485,94.2578,158.86,67.0453,156.938,122.618,222.513,156.56,24.9956,130.323,
71.181,41.05,69.1479,138.929,267.653,191.847,108.715,50.8643,278.349,180.445,205.26,19.7011,15.0457,157.078,134.887,95.8547,189.463,94.2253,158.909,67.122,156.963,122.992,222.65,156.902,24.6977,130.553,
71.0701,41.024,69.2518,138.948,267.583,191.832,108.692,50.7307,278.438,180.454,205.198,19.7375,15.0313,157.079,134.873,95.8545,189.516,94.2993,158.968,67.2142,156.988,123.375,222.782,157.237,24.4026,130.779,
71.1628,41.0452,69.1655,138.931,267.63,191.842,108.687,50.6902,278.455,180.456,205.162,19.7584,15.0172,157.081,134.859,95.8542,189.501,94.2793,158.875,67.0728,157.014,123.755,222.913,157.576,24.1028,131.006,
71.2111,41.0561,69.0505,138.907,267.574,191.83,108.68,50.632,278.341,180.444,205.048,19.8212,15.0023,157.083,134.845,95.854,189.494,94.2703,158.844,67.0287,157.04,124.138,223.041,157.915,23.8127,131.224,
71.201,41.054,69.0826,138.913,267.444,191.805,108.678,50.604,278.302,180.44,205.01,19.8413,14.9874,157.085,134.831,95.8536,189.524,94.3089,158.854,67.0424,157.066,124.513,223.174,158.267,23.5098,131.448,
71.1899,41.0522,68.9996,138.897,267.361,191.788,108.676,50.5756,278.305,180.44,204.857,19.9206,14.9723,157.087,134.817,95.8532,189.543,94.3328,158.828,67.0076,157.092,124.876,223.276,158.525,23.2972,131.612,
71.1782,41.0509,68.9886,138.894,267.209,191.758,108.674,50.532,278.205,180.426,204.803,19.9503,15.1615,157.061,134.804,95.8527,189.507,94.2889,158.847,67.0335,157.118,125.245,223.391,158.78,23.0922,131.784,
71.2577,41.0586,68.9326,138.881,267.196,191.755,108.677,50.5662,278.165,180.42,204.756,19.9773,15.3573,157.034,134.79,95.8522,189.564,94.3634,158.807,66.9754,157.146,125.628,223.546,159.111,22.8161,132.027,
71.1282,41.043,68.8022,138.849,267.099,191.73,108.668,50.4836,278.093,180.412,204.704,20.005,15.3409,157.036,134.778,95.8517,189.539,94.3303,158.724,66.8491,157.173,126.005,223.7,159.446,22.5397,132.266,
71.1738,41.0485,68.8025,138.849,267.061,191.719,108.68,50.6092,278.036,180.405,204.626,20.0455,15.3255,157.038,134.765,95.8511,189.471,94.2386,158.649,66.7357,157.2,126.379,223.855,159.788,22.2637,132.5,
71.1444,41.0445,68.8765,138.864,267.134,191.742,108.683,50.641,277.921,180.391,204.643,20.0376,15.3086,157.041,134.753,95.8505,189.473,94.2411,158.56,66.5991,157.228,126.762,224.006,160.124,21.9827,132.737,
71.0713,41.0306,68.9782,138.885,267.21,191.766,108.681,50.6135,277.998,180.399,204.59,20.0611,15.2907,157.044,134.741,95.8499,189.429,94.1816,158.584,66.6378,157.257,127.145,224.152,160.454,21.7757,132.918,
71.0594,41.0281,69.0544,138.9,267.076,191.723,108.679,50.5711,277.82,180.382,204.536,20.0853,15.2741,157.047,134.73,95.8492,189.393,94.1344,158.624,66.7022,157.285,127.52,224.297,160.787,21.5788,133.106,
70.9352,41.0026,69.072,138.903,267.093,191.729,108.68,50.549,277.775,180.377,204.567,20.0711,15.2554,157.051,134.718,95.8485,189.439,94.196,158.562,66.6043,157.313,127.89,224.444,161.128,21.3223,133.359,
70.996,41.0162,69.0892,138.906,267.138,191.743,108.68,50.5499,277.882,180.392,204.53,20.0875,15.2365,157.054,134.678,95.8464,189.38,94.114,158.523,66.5467,157.342,128.265,224.584,161.457,21.0587,133.616,
70.9442,41.0032,69.0348,138.895,267.141,191.744,108.679,50.4919,277.898,180.394,204.576,20.0678,15.2183,157.058,134.636,95.8436,189.45,94.2155,158.533,66.5614,157.372,128.647,224.729,161.802,20.7945,133.872,
71.016,41.0237,69.1134,138.911,267.042,191.716,108.682,50.5706,277.841,180.385,204.538,20.0828,15.1988,157.063,134.59,95.8376,189.415,94.1672,158.57,66.611,157.401,129.019,224.868,162.134,20.5244,134.131,
70.9453,41.0046,69.2017,138.93,267.017,191.709,108.688,50.6617,277.771,180.376,204.583,20.0649,15.1778,157.067,134.727,95.8602,189.401,94.148,158.528,66.5572,157.428,129.393,225.008,162.476,20.2687,134.374,
70.9625,41.0089,69.1739,138.924,266.917,191.679,108.693,50.7259,277.76,180.374,204.586,20.0637,15.1574,157.072,134.79,95.8711,189.371,94.1031,158.521,66.5478,157.455,129.767,225.114,162.724,19.9941,134.634,
70.9806,41.0135,69.238,138.939,266.834,191.657,108.698,50.7881,277.747,180.372,204.56,20.0752,15.1368,157.078,134.765,95.8667,189.358,94.0812,158.588,66.6303,157.482,130.148,225.233,162.974,19.7313,134.881,
71.0548,41.0344,69.2545,138.942,266.723,191.628,108.705,50.8823,277.751,180.373,204.52,20.0913,15.1153,157.083,134.727,95.8598,189.383,94.1217,158.571,66.6104,157.51,130.531,225.397,163.3,19.5356,135.072,
71.085,41.0427,69.2603,138.943,266.697,191.621,108.708,50.9113,277.769,180.375,204.605,20.059,15.0917,157.09,134.775,95.8691,189.303,93.999,158.552,66.5886,157.537,130.914,225.56,163.626,19.3497,135.271,
71.0882,41.0435,69.1878,138.929,266.598,191.594,108.719,51.0029,277.578,180.354,204.539,20.0841,15.0678,157.097,134.836,95.8798,189.282,93.9665,158.565,66.6039,157.564,131.29,225.728,163.965,19.106,135.544,
71.0063,41.0271,69.1308,138.921,266.542,191.579,108.72,51.0056,277.581,180.354,204.53,20.0878,15.0447,157.104,134.765,95.8662,189.297,93.9927,158.509,66.5357,157.589,131.663,225.886,164.289,18.8648,135.81,
70.8929,41.0031,69.0765,138.912,266.559,191.583,108.728,51.0831,277.587,180.354,204.657,20.0332,15.0194,157.112,134.753,95.8634,189.314,94.0233,158.511,66.5377,157.614,132.038,226.042,164.616,18.6223,136.074,
70.8962,41.0038,69.0643,138.909,266.577,191.588,108.728,51.0855,277.544,180.351,204.759,19.9901,14.9931,157.12,134.635,95.8357,189.301,93.9984,158.442,66.4581,157.638,132.415,226.202,164.955,18.3753,136.339,
70.9567,41.017,69.0792,138.913,266.565,191.585,108.73,51.1031,277.607,180.355,204.594,20.0576,14.9663,157.13,134.709,95.8514,189.295,93.9873,158.432,66.4471,157.66,132.788,226.359,165.293,18.1307,136.596,
71.0624,41.0417,68.9935,138.892,266.666,191.608,108.712,50.9286,277.537,180.351,204.693,20.0173,15.15,157.065,134.772,95.8634,189.281,93.9633,158.35,66.3428,157.681,133.16,226.515,165.63,17.8803,136.856,
71.0642,41.0421,68.9808,138.889,266.698,191.616,108.722,51.0218,277.601,180.353,204.752,19.9933,15.3281,157.002,134.595,95.8308,189.291,93.9791,158.298,66.2749,157.703,133.543,226.663,165.955,17.6909,137.058,
71.1893,41.0651,69.0548,138.909,266.583,191.587,108.721,51.0118,277.514,180.351,204.645,20.0371,15.3017,157.012,134.513,95.8147,189.29,93.9779,158.237,66.1936,157.724,133.926,226.781,166.204,17.5137,137.264,
71.2075,41.0683,68.9412,138.879,266.642,191.601,108.717,50.9524,277.635,180.355,204.757,19.9895,15.2747,157.022,134.424,95.7966,189.245,93.9085,158.257,66.2197,157.746,134.299,226.91,166.446,17.3427,137.481,
71.1074,41.0529,68.8994,138.869,266.675,191.609,108.718,50.9708,277.59,180.354,204.608,20.0542,15.2456,157.033,134.412,95.7943,189.297,93.9853,158.239,66.1949,157.769,134.683,227.094,166.775,17.1218,137.773,
71.1832,41.0643,68.9462,138.879,266.615,191.594,108.718,50.9641,277.49,180.355,204.611,20.053,15.215,157.046,134.256,95.7658,189.258,93.9282,158.278,66.2466,157.792,135.062,227.272,167.097,16.9017,138.058,
71.2031,41.067,68.8474,138.855,266.631,191.599,108.718,50.9358,277.55,180.355,204.603,20.0565,15.1838,157.059,134.259,95.7662,189.24,93.903,158.224,66.1735,157.814,135.425,227.45,167.422,16.6795,138.343,
71.1747,41.0632,68.7776,138.836,266.663,191.608,108.718,50.9845,277.525,180.355,204.632,20.0418,15.1522,157.073,134.337,95.7784,189.243,93.9071,158.228,66.1797,157.837,135.798,227.63,167.751,16.4492,138.636,
71.1639,41.0615,68.724,138.821,266.723,191.626,108.718,51.0323,277.483,180.354,204.618,20.0486,15.1188,157.088,134.283,95.7704,189.233,93.8952,158.278,66.2563,157.858,136.167,227.805,168.076,16.2241,138.921,
71.2956,41.0846,68.7412,138.825,266.816,191.651,108.718,51.0067,277.473,180.354,204.62,20.0479,15.0855,157.104,134.271,95.769,189.172,93.8161,158.327,66.3332,157.881,136.551,227.983,168.408,16.001,139.202,
71.1712,41.0616,68.7316,138.823,266.905,191.674,108.717,51.0528,277.551,180.354,204.584,20.0624,15.0507,157.121,134.231,95.765,189.151,93.7918,158.283,66.2625,157.903,136.932,228.159,168.74,15.7727,139.485,
71.0854,41.0443,68.7202,138.819,266.849,191.661,108.717,51.0692,277.584,180.354,204.517,20.0932,15.0134,157.14,134.232,95.7652,189.166,93.8081,158.217,66.1598,157.926,137.315,228.33,169.067,15.6039,139.701,
70.8977,41.0058,68.6499,138.797,266.927,191.677,108.713,50.9256,277.557,180.354,204.558,20.0724,14.9754,157.16,134.219,95.7638,189.196,93.8455,158.147,66.0535,157.948,137.698,228.5,169.396,15.4458,139.924,
70.8705,41.0002,68.6944,138.813,266.961,191.685,108.713,50.9119,277.498,180.354,204.406,20.1546,14.9382,157.181,134.085,95.7534,189.228,93.8843,158.148,66.0555,157.97,138.077,228.669,169.726,15.2375,140.229,
70.918,41.0097,68.6685,138.803,266.806,191.647,108.713,50.9113,277.502,180.354,204.459,20.1258,15.1083,157.085,134.042,95.7507,189.174,93.8188,158.114,65.9974,157.991,138.452,228.798,169.969,15.0263,140.535,
70.7836,40.9843,68.5067,138.741,266.779,191.64,108.705,50.8596,277.488,180.354,204.539,20.0835,15.2788,156.99,133.914,95.7417,189.077,93.7017,158.122,66.0127,158.011,138.817,228.94,170.21,14.813,140.842,
70.8047,40.9875,68.5515,138.758,266.708,191.624,108.699,50.8297,277.538,180.356,204.502,20.1036,15.2362,157.014,133.887,95.739,189.128,93.7638,158.101,65.9747,158.031,139.192,229.132,170.52,14.6001,141.147,
70.8389,40.9917,68.567,138.764,266.679,191.617,108.702,50.8439,277.644,180.358,204.359,20.1834,15.1955,157.038,133.753,95.7214,189.036,93.6525,158.163,66.0814,158.051,139.572,229.33,170.84,14.4481,141.371,
70.859,40.9938,68.5571,138.76,266.781,191.647,108.677,50.7489,277.72,180.361,204.426,20.1464,15.1539,157.064,133.8,95.7277,189.058,93.6779,158.187,66.1225,158.071,139.949,229.516,171.146,14.3102,141.595,
70.7468,40.9831,68.5508,138.757,266.686,191.62,108.673,50.7374,277.665,180.358,204.443,20.1374,15.1108,157.092,133.787,95.7264,189.07,93.692,158.189,66.1251,158.09,140.327,229.703,171.459,14.1253,141.911,
70.8072,40.9892,68.6355,138.802,266.702,191.624,108.656,50.6843,277.787,180.364,204.53,20.093,15.0639,157.123,133.625,95.7138,189.052,93.6725,158.121,66.0278,158.11,140.71,229.892,171.779,13.9368,142.23,
70.8098,40.9894,68.6247,138.797,266.792,191.645,108.641,50.6439,277.82,180.366,204.493,20.1118,15.0163,157.156,133.568,95.7107,189.135,93.7637,158.126,66.0348,158.129,141.085,230.073,172.091,13.7443,142.552,
70.7681,40.9872,68.5731,138.772,266.826,191.652,108.588,50.5018,277.792,180.365,204.56,20.0771,14.9695,157.19,133.45,95.7063,189.117,93.7443,158.101,66.0046,158.15,141.468,230.256,172.411,13.5599,142.858,
70.6668,40.9829,68.562,138.767,266.816,191.65,108.58,50.4766,277.81,180.365,204.55,20.0826,14.9189,157.227,133.484,95.7078,189.088,93.7134,158.174,66.0872,158.169,141.839,230.434,172.726,13.3686,143.171,
70.5795,40.9796,68.5811,138.775,266.644,191.609,108.605,50.5535,277.781,180.366,204.578,20.068,15.0689,157.114,133.4,95.7036,189.013,93.639,158.078,65.9763,158.189,142.212,230.574,172.965,13.2323,143.405,
70.6989,40.9859,68.4477,138.725,266.618,191.603,108.61,50.5708,277.708,180.371,204.553,20.0801,15.2229,156.998,133.358,95.6994,189.035,93.6624,158.08,65.9789,158.208,142.587,230.721,173.194,13.1052,143.647,
70.7329,40.9883,68.4406,138.722,266.477,191.568,108.625,50.6197,277.591,180.378,204.554,20.0799,15.1675,157.04,133.365,95.7004,189.088,93.7198,158.081,65.9794,158.225,142.957,230.932,173.506,12.9464,143.967,
70.7939,40.9951,68.5095,138.754,266.407,191.551,108.638,50.6667,277.607,180.376,204.655,20.0376,15.1132,157.083,133.275,95.6843,189.06,93.6885,157.995,65.9001,158.242,143.326,231.139,173.816,12.778,144.3,
70.7555,40.9894,68.553,138.773,266.336,191.533,108.606,50.5564,277.594,180.377,204.729,20.006,15.0576,157.13,133.221,95.674,189.082,93.714,158.031,65.9327,158.26,143.703,231.341,174.122,12.6108,144.631,
70.8719,41.0101,68.4733,138.735,266.339,191.534,108.565,50.4115,277.494,180.379,204.84,19.9584,14.9976,157.181,133.106,95.6527,189.105,93.7392,157.955,65.865,158.278,144.086,231.539,174.427,12.4419,144.964,
70.8446,41.0053,68.4486,138.723,266.411,191.555,108.537,50.3124,277.393,180.381,204.884,19.9397,14.9356,157.237,133.09,95.6505,189.126,93.762,158.025,65.9289,158.296,144.458,231.738,174.738,12.3258,145.203,
70.8042,40.998,68.5597,138.778,266.473,191.574,108.542,50.3311,277.365,180.382,204.789,19.9787,15.0748,157.109,132.973,95.6379,189.075,93.7071,158.016,65.9207,158.313,144.837,231.932,175.047,12.2202,145.446,
70.7921,40.9954,68.5329,138.764,266.489,191.579,108.55,50.3618,277.368,180.382,204.834,19.9607,15.2167,156.98,132.949,95.6346,189.074,93.706,157.971,65.8843,158.331,145.218,232.125,175.357,12.0781,145.793,
70.7826,40.9934,68.4209,138.701,266.507,191.584,108.526,50.2768,277.355,180.382,204.962,19.9086,15.1521,157.04,132.952,95.6351,189.011,93.6443,158.009,65.9166,158.349,145.596,232.32,175.677,11.9348,146.136,
70.6484,40.9701,68.409,138.695,266.525,191.589,108.501,50.1921,277.402,180.379,205.085,19.8585,15.0902,157.1,132.957,95.6361,189.023,93.6554,158.02,65.9256,158.368,145.976,232.469,175.911,11.8314,146.395,
70.6492,40.9702,68.4894,138.735,266.543,191.594,108.49,50.1491,277.346,180.383,205.017,19.8859,15.0242,157.166,132.972,95.6394,189.07,93.6969,158.01,65.9177,158.386,146.356,232.62,176.127,11.7403,146.656,
70.5798,40.9537,68.5036,138.742,266.561,191.6,108.458,50.0178,277.162,180.4,204.933,19.92,14.9563,157.238,133.09,95.6701,189.001,93.6375,158.012,65.9191,158.403,146.732,232.835,176.423,11.6304,146.994,
70.5218,40.9404,68.4791,138.73,266.579,191.605,108.428,49.9083,277.254,180.392,204.992,19.8945,14.8835,157.317,133.137,95.6821,189.024,93.6569,158.04,65.9412,158.421,147.106,233.047,176.72,11.5153,147.338,
70.3725,40.9099,68.509,138.744,266.598,191.611,108.442,49.954,277.213,180.395,204.998,19.8916,15.0126,157.173,133.214,95.7026,189.036,93.6671,157.984,65.895,158.439,147.486,233.259,177.019,11.4001,147.674,
70.3345,40.9013,68.5963,138.786,266.617,191.616,108.424,49.9,277.303,180.39,205.123,19.8309,15.1432,157.029,133.232,95.7074,189.06,93.6866,157.998,65.9065,158.458,147.861,233.47,177.32,11.2782,148.025,
70.3233,40.8987,68.5635,138.77,266.636,191.622,108.41,49.8594,277.322,180.389,205.098,19.8427,15.0667,157.115,133.31,95.727,188.926,93.5809,157.86,65.7889,158.478,148.243,233.679,177.618,11.1955,148.275,
70.2216,40.8758,68.4757,138.723,266.656,191.627,108.435,49.936,277.17,180.405,205.058,19.8606,14.9889,157.206,133.209,95.7006,189.014,93.6499,157.817,65.752,158.497,148.615,233.891,177.926,11.1214,148.536,
70.2534,40.8838,68.372,138.671,266.676,191.633,108.411,49.8669,277.097,180.414,205.075,19.8528,14.9131,157.299,133.212,95.7015,189.016,93.6515,157.831,65.7628,158.517,148.999,234.097,178.226,11.0571,148.8,
70.1783,40.8665,68.2698,138.621,266.696,191.639,108.423,49.8989,277.142,180.408,205.037,19.8716,15.0316,157.15,133.203,95.6989,189.018,93.6532,157.739,65.6903,158.536,149.372,234.298,178.524,11.0045,149.063,
70.2108,40.873,68.235,138.606,266.717,191.645,108.382,49.7849,277.038,180.418,204.999,19.8922,15.1491,157.003,133.192,95.6961,189.079,93.7027,157.763,65.7101,158.554,149.742,234.455,178.748,10.9398,149.422,
70.0865,40.8477,68.1409,138.57,266.738,191.65,108.393,49.8183,276.876,180.432,205.119,19.8252,15.0659,157.109,133.209,95.701,189.001,93.638,157.636,65.6019,158.571,150.112,234.622,178.964,10.8717,149.779,
69.9462,40.8206,68.0608,138.541,266.76,191.657,108.404,49.8528,276.965,180.424,205.172,19.7948,14.9818,157.221,133.187,95.6937,188.943,93.5913,157.683,65.6429,158.588,150.486,234.853,179.251,10.8236,150.051,
69.8306,40.7983,67.9787,138.511,266.782,191.663,108.376,49.7693,277.014,180.418,205.185,19.7875,14.8995,157.336,133.091,95.659,188.991,93.6289,157.642,65.605,158.607,150.859,235.079,179.536,10.7881,150.324,
69.8479,40.8017,67.8389,138.463,266.803,191.669,108.371,49.7563,277.017,180.417,205.278,19.7398,15.0089,157.18,133.204,95.6999,189.006,93.6394,157.63,65.5931,158.626,151.236,235.305,179.827,10.7481,150.693,
69.8196,40.7968,67.7432,138.429,266.825,191.675,108.34,49.6793,277.138,180.403,205.215,19.7725,15.1235,157.017,133.252,95.7166,188.983,93.6233,157.582,65.5398,158.646,151.608,235.529,180.118,10.7055,151.056,
69.8695,40.8031,67.7894,138.446,266.849,191.682,108.348,49.6977,277.111,180.406,205.166,19.7974,15.0713,157.199,133.199,95.6993,188.997,93.634,157.514,65.4624,158.666,151.99,235.757,180.416,10.6392,151.273,
69.9494,40.8121,67.7094,138.416,266.872,191.689,108.295,49.5633,277.027,180.414,205.208,19.7764,15.0417,157.383,133.286,95.7278,189.003,93.6382,157.516,65.4643,158.687,152.37,235.976,180.707,10.5736,151.484,
70.056,40.8248,67.7246,138.421,266.895,191.695,108.279,49.5225,277.046,180.413,205.293,19.7319,15.0141,157.572,133.265,95.7213,188.933,93.5882,157.488,65.4332,158.706,152.745,236.193,180.999,10.5184,151.695,
70.0889,40.8288,67.6983,138.413,266.918,191.702,108.257,49.47,276.928,180.42,205.206,19.7774,14.9796,157.77,133.154,95.6897,188.932,93.5874,157.44,65.3801,158.725,153.127,236.358,181.215,10.4765,151.898,
70.1527,40.8365,67.8208,138.448,266.943,191.709,108.221,49.3779,276.77,180.428,205.247,19.7562,14.9709,158.003,133.1,95.6742,188.922,93.5797,157.431,65.3707,158.743,153.499,236.536,181.427,10.4191,152.169,
70.2467,40.8491,67.8229,138.449,266.968,191.716,108.257,49.4761,276.877,180.423,205.208,19.7764,15.1811,157.969,133.175,95.6958,188.877,93.5437,157.482,65.4304,158.759,153.877,236.781,181.706,10.3199,152.39,
70.1764,40.8378,67.8382,138.454,266.993,191.723,108.27,49.5093,276.743,180.427,205.158,19.7998,15.3956,157.926,133.149,95.6888,188.88,93.5458,157.56,65.5219,158.774,154.25,237.019,181.982,10.2152,152.642,
70.1473,40.8334,67.8946,138.476,267.019,191.73,108.255,49.4713,276.639,180.428,205.216,19.7736,15.3751,158.118,133.11,95.6791,188.882,93.5473,157.601,65.5711,158.788,154.624,237.257,182.261,10.1708,152.857,
70.0467,40.8224,67.7573,138.42,267.046,191.738,108.255,49.4721,276.553,180.425,205.127,19.8139,15.3742,158.293,132.977,95.6437,188.895,93.5568,157.548,65.5045,158.8,155.004,237.494,182.542,10.1333,153.069,
69.9882,40.8154,67.8436,138.455,267.072,191.745,108.251,49.459,276.571,180.427,205.132,19.8117,15.3714,158.472,133.051,95.6629,188.804,93.4858,157.478,65.4141,158.813,155.382,237.724,182.817,10.1073,153.271,
69.8992,40.8049,67.8303,138.45,267.098,191.752,108.253,49.4655,276.423,180.413,205.164,19.7964,15.4042,158.683,133.081,95.6714,188.779,93.4657,157.471,65.4055,158.826,155.753,237.958,183.1,10.0707,153.553,
69.7674,40.7906,67.8332,138.451,267.125,191.76,108.279,49.5421,276.292,180.403,205.124,19.8152,15.43,158.889,133.03,95.6579,188.838,93.5174,157.464,65.3954,158.837,156.121,238.189,183.382,10.035,153.824,
69.8784,40.8039,67.7269,138.406,267.153,191.768,108.265,49.4993,276.309,180.404,205.06,19.8472,15.4558,159.099,132.947,95.6388,188.897,93.5695,157.415,65.325,158.85,156.505,238.366,183.589,9.99706,154.103,
69.7739,40.7923,67.7429,138.413,267.182,191.776,108.231,49.3895,276.327,180.405,204.999,19.8793,15.483,159.31,132.95,95.6395,188.9,93.5717,157.399,65.3019,158.862,156.884,238.552,183.788,9.95741,154.388,
69.7765,40.7925,67.6914,138.391,267.212,191.784,108.187,49.2482,276.346,180.407,204.884,19.9419,15.4858,159.493,132.818,95.6148,188.799,93.4817,157.419,65.33,158.875,157.263,238.809,184.051,9.93525,154.599,
69.8094,40.7957,67.6511,138.372,267.241,191.792,108.179,49.2229,276.365,180.408,204.952,19.9051,15.4979,159.676,132.689,95.5922,188.779,93.4632,157.428,65.3446,158.886,157.634,239.054,184.306,9.9207,154.812,
69.704,40.7857,67.6545,138.373,267.271,191.801,108.126,49.0576,276.383,180.409,204.889,19.9404,15.5368,159.883,132.78,95.6079,188.862,93.5393,157.414,65.3211,158.897,158.003,239.315,184.58,9.90358,155.084,
69.7037,40.7857,67.6726,138.383,267.301,191.809,108.103,48.9893,276.402,180.41,204.917,19.9239,15.5761,160.086,132.669,95.589,188.863,93.5406,157.374,65.2481,158.907,158.37,239.564,184.844,9.8843,155.357,
69.7384,40.7911,67.5966,138.339,267.333,191.818,108.114,49.0187,276.421,180.411,204.871,19.9515,15.6172,160.284,132.519,95.5655,188.746,93.4295,157.383,65.265,158.918,158.734,239.809,185.109,9.86193,155.633,
69.8041,40.8015,67.5854,138.333,267.365,191.827,108.138,49.0919,276.44,180.413,204.844,19.9659,15.664,160.478,132.461,95.5569,188.728,93.412,157.445,65.3738,158.929,159.108,240.05,185.373,9.8364,155.917,
69.7509,40.7929,67.6018,138.343,267.396,191.836,108.133,49.0755,276.46,180.414,204.901,19.9372,15.6862,160.647,132.555,95.5714,188.71,93.3932,157.446,65.3743,158.94,159.483,240.234,185.567,9.82342,156.132,
69.7551,40.7938,67.5791,138.329,267.43,191.845,108.13,49.0621,276.48,180.415,204.968,19.9035,15.7162,160.808,132.512,95.5638,188.65,93.3317,157.488,65.4579,158.951,159.865,240.428,185.755,9.81786,156.339,
69.6997,40.7819,67.6839,138.393,267.464,191.855,108.13,49.0637,276.499,180.417,204.93,19.9227,15.7773,160.991,132.414,95.5434,188.578,93.2583,157.475,65.4333,158.962,160.249,240.696,186.005,9.81163,156.613,
69.7156,40.7855,67.6601,138.379,267.499,191.865,108.112,48.9837,276.519,180.418,204.92,19.9283,15.8397,161.174,132.401,95.5402,188.569,93.2497,157.509,65.5016,158.972,160.631,240.966,186.26,9.80271,156.894,
69.5742,40.7507,67.7036,138.404,267.534,191.875,108.1,48.9325,276.539,180.42,204.978,19.897,15.8993,161.347,132.32,95.5204,188.55,93.23,157.497,65.4767,158.982,161.006,241.234,186.516,9.79295,157.167,
69.518,40.736,67.7445,138.426,267.57,191.885,108.061,48.7791,276.559,180.421,205.021,19.8729,15.9388,161.491,132.308,95.5176,188.487,93.1637,157.505,65.4921,158.991,161.384,241.493,186.767,9.78977,157.374,
69.622,40.7653,67.5824,138.341,267.605,191.895,108.018,48.612,276.58,180.423,204.957,19.9088,15.9843,161.635,132.16,95.4817,188.485,93.1626,157.525,65.5344,159.001,161.765,241.752,187.023,9.79449,157.58,
69.6262,40.7665,67.5716,138.335,267.641,191.905,108.013,48.5937,276.601,180.424,205.001,19.8856,16.061,161.799,132.057,95.4572,188.36,93.0508,157.553,65.5941,159.01,162.147,242.013,187.283,9.80292,157.85,
69.4893,40.7321,67.5207,138.309,267.679,191.916,107.955,48.4146,276.622,180.426,205.031,19.8706,16.0432,161.895,131.987,95.4407,188.429,93.114,157.555,65.5984,159.02,162.53,242.211,187.475,9.80744,157.91,
69.3801,40.7038,67.3917,138.242,267.716,191.927,107.974,48.4736,276.643,180.427,205.133,19.8234,16.0227,161.983,131.99,95.4415,188.443,93.1262,157.552,65.5895,159.029,162.902,242.417,187.656,9.8073,157.967,
69.3264,40.6896,67.3049,138.197,267.756,191.938,107.961,48.4341,276.664,180.429,205.15,19.8154,16.0548,162.113,132.009,95.446,188.422,93.1071,157.529,65.5184,159.036,163.286,242.7,187.895,9.77876,158.193,
69.4154,40.7132,67.2038,138.143,267.795,191.95,107.98,48.4935,276.684,180.431,205.236,19.7748,16.0918,162.247,131.923,95.4288,188.49,93.1707,157.538,65.5511,159.044,163.67,242.97,188.124,9.75896,158.419,
69.4928,40.7331,67.2215,138.152,267.835,191.961,107.975,48.4792,276.705,180.433,205.198,19.7933,16.1351,162.378,132.027,95.4464,188.448,93.1322,157.49,65.3839,159.053,164.05,243.257,188.37,9.74637,158.644,
69.436,40.7181,67.1821,138.13,267.876,191.973,107.96,48.4391,276.726,180.434,205.077,19.8563,16.1825,162.502,132.028,95.4466,188.507,93.1862,157.483,65.3588,159.061,164.433,243.531,188.605,9.74136,158.859,
69.4093,40.7114,67.2254,138.153,267.919,191.986,107.896,48.2638,276.748,180.436,204.999,19.8979,16.2377,162.622,132.031,95.447,188.543,93.2215,157.439,65.1978,159.069,164.814,243.81,188.846,9.74341,159.074,
69.3265,40.6945,67.2925,138.189,267.962,191.999,107.887,48.2416,276.77,180.438,204.923,19.9409,16.2989,162.736,132.125,95.4607,188.452,93.1301,157.474,65.3196,159.078,165.189,244.088,189.09,9.75289,159.285,
69.2551,40.6801,67.2422,138.163,268.005,192.012,107.839,48.1228,276.792,180.44,204.938,19.9322,16.3997,162.862,132.187,95.4694,188.464,93.1422,157.491,65.3783,159.086,165.563,244.368,189.337,9.77052,159.574,
69.2866,40.6868,67.2584,138.171,268.05,192.025,107.802,48.0264,276.814,180.442,205.032,19.8805,16.5016,162.979,132.191,95.47,188.5,93.1777,157.48,65.3405,159.094,165.947,244.575,189.513,9.78825,159.866,
69.1769,40.6646,67.1694,138.128,268.094,192.039,107.803,48.0289,276.836,180.444,204.941,19.9308,16.6072,163.085,132.195,95.4705,188.419,93.0962,157.468,65.2981,159.101,166.315,244.788,189.679,9.80704,160.166,
69.1791,40.665,67.0542,138.07,268.14,192.053,107.781,47.9749,276.858,180.447,205.011,19.8897,16.7156,163.174,132.155,95.4635,188.345,93.0236,157.469,65.3016,159.108,166.695,245.077,189.895,9.82729,160.47,
69.1975,40.6694,66.9603,138.025,268.187,192.067,107.794,48.0049,276.881,180.449,205.026,19.88,16.8244,163.247,132.158,95.464,188.327,93.0053,157.462,65.2779,159.115,167.079,245.368,190.115,9.84967,160.774,
69.0944,40.6443,66.9223,138.004,268.235,192.082,107.789,47.9938,276.904,180.451,205.065,19.8547,16.9365,163.305,132.07,95.4491,188.28,92.9551,157.44,65.2118,159.122,167.454,245.656,190.334,9.87566,161.09,
68.9634,40.6076,66.8989,137.991,268.282,192.097,107.797,48.0097,276.928,180.454,205.091,19.8381,17.0458,163.343,132.087,95.4512,188.183,92.8559,157.426,65.1702,159.128,167.834,245.948,190.558,9.90441,161.404,
68.9391,40.5997,66.8385,137.952,268.331,192.112,107.761,47.9438,276.95,180.456,205.001,19.8923,17.155,163.363,131.913,95.4328,188.255,92.9312,157.405,65.1016,159.133,168.215,246.244,190.785,9.93819,161.727,
68.9843,40.617,66.793,137.922,268.38,192.128,107.77,47.9581,276.973,180.459,204.978,19.9059,17.2622,163.366,131.978,95.441,188.316,92.9958,157.437,65.2219,159.138,168.599,246.529,191.006,9.97862,162.059,
69.0285,40.6349,66.7071,137.868,268.43,192.144,107.802,48.0127,276.996,180.461,204.877,19.9718,17.3626,163.348,132.014,95.4456,188.226,92.8973,157.442,65.2391,159.143,168.983,246.824,191.237,10.0251,162.387,
68.9891,40.6196,66.6357,137.824,268.483,192.162,107.729,47.8862,277.02,180.464,204.907,19.9529,17.4605,163.307,131.997,95.4433,188.296,92.9747,157.431,65.1994,159.149,169.362,247.041,191.401,10.0826,162.736,
69.1059,40.6627,66.6876,137.854,268.537,192.18,107.708,47.8497,277.043,180.467,204.922,19.9439,17.547,163.246,131.927,95.4304,188.227,92.9,157.436,65.2157,159.154,169.742,247.267,191.557,10.1489,163.078,
69.0544,40.6431,66.728,137.878,268.59,192.198,107.659,47.7648,277.066,180.47,204.899,19.9584,17.6244,163.167,131.945,95.4338,188.156,92.8243,157.443,65.2335,159.158,170.121,247.571,191.757,10.2293,163.436,
69.0291,40.6321,66.6514,137.83,268.643,192.216,107.616,47.6891,277.089,180.472,204.901,19.957,17.6884,163.07,131.906,95.4261,188.198,92.8696,157.407,65.1402,159.163,170.499,247.868,191.957,10.3242,163.797,
69.0054,40.6207,66.6408,137.822,268.697,192.235,107.544,47.5623,277.113,180.475,204.851,19.9852,17.7362,162.955,131.895,95.4235,188.141,92.8085,157.408,65.1443,159.167,170.872,248.18,192.17,10.4336,164.151,
69.0221,40.6286,66.6678,137.843,268.753,192.255,107.554,47.5788,277.136,180.479,204.907,19.9561,17.7666,162.83,131.957,95.4379,188.213,92.886,157.364,65.0398,159.171,171.249,248.48,192.376,10.5581,164.502,
68.944,40.5905,66.6578,137.835,268.812,192.276,107.582,47.6206,277.159,180.482,204.952,19.9325,17.781,162.707,131.861,95.4177,188.215,92.889,157.329,64.962,159.176,171.62,248.786,192.589,10.6925,164.849,
68.8134,40.5213,66.6126,137.8,268.867,192.296,107.608,47.6613,277.183,180.485,204.85,19.9893,17.7915,162.582,131.832,95.4128,188.189,92.8576,157.258,64.805,159.18,171.996,249.013,192.741,10.83,165.203,
68.8415,40.5371,66.5774,137.773,268.925,192.317,107.601,47.6495,277.207,180.488,204.852,19.9882,17.7999,162.445,131.82,95.411,188.131,92.7874,157.259,64.8064,159.186,172.373,249.248,192.884,10.9681,165.559,
68.831,40.5309,66.6358,137.821,268.982,192.339,107.571,47.602,277.231,180.492,204.905,19.9541,17.8051,162.308,131.823,95.4115,188.151,92.8124,157.271,64.8372,159.192,172.752,249.563,193.067,11.1036,165.91,
68.6984,40.4515,66.6604,137.843,269.043,192.362,107.588,47.6307,277.255,180.495,204.884,19.9686,17.8073,162.168,131.769,95.4026,188.052,92.6949,157.212,64.6869,159.2,173.125,249.882,193.257,11.2414,166.268,
68.6151,40.4015,66.6491,137.832,269.104,192.386,107.597,47.6462,277.28,180.499,204.769,20.0443,17.8062,162.027,131.652,95.3865,188.035,92.6742,157.202,64.6616,159.207,173.497,250.193,193.444,11.3777,166.622,
68.5899,40.3859,66.685,137.866,269.168,192.411,107.568,47.5952,277.303,180.503,204.682,20.103,17.8018,161.885,131.52,95.3703,187.97,92.5953,157.225,64.7193,159.216,173.874,250.504,193.633,11.5149,166.977,
68.6058,40.3966,66.6764,137.858,269.231,192.437,107.569,47.5983,277.328,180.507,204.735,20.0681,17.7942,161.745,131.571,95.377,188.001,92.6325,157.187,64.622,159.226,174.253,250.82,193.827,11.6473,167.321,
68.5953,40.3895,66.6995,137.88,269.295,192.464,107.588,47.6268,277.353,180.511,204.612,20.1461,17.7839,161.609,131.377,95.347,187.914,92.5296,157.225,64.7232,159.235,174.637,251.13,194.019,11.7788,167.664,
68.6104,40.3995,66.657,137.84,269.359,192.491,107.589,47.6295,277.377,180.515,204.551,20.1836,17.7706,161.476,131.394,95.3496,187.807,92.4047,157.195,64.6416,159.244,175.019,251.367,194.161,11.9138,168.017,
68.4987,40.3267,66.7335,137.914,269.426,192.52,107.567,47.5931,277.401,180.519,204.462,20.2371,17.7542,161.344,131.251,95.3248,187.76,92.3459,157.164,64.5578,159.251,175.386,251.604,194.29,12.0159,168.271,
68.4506,40.2951,66.7133,137.893,269.493,192.549,107.546,47.5584,277.426,180.524,204.532,20.1961,17.7349,161.215,131.15,95.3046,187.733,92.3123,157.165,64.5606,159.259,175.767,251.923,194.455,12.1304,168.523,
68.4194,40.2724,66.6105,137.782,269.559,192.58,107.522,47.5226,277.452,180.529,204.536,20.1937,17.7137,161.095,131.11,95.2959,187.724,92.3024,157.155,64.5361,159.266,176.146,252.243,194.623,12.2966,168.867,
68.4002,40.2585,66.6663,137.84,269.624,192.61,107.514,47.5122,277.475,180.533,204.586,20.1597,17.6902,160.98,131.028,95.2782,187.736,92.316,157.119,64.4578,159.272,176.53,252.557,194.792,12.4595,169.206,
68.4126,40.2663,66.6271,137.801,269.693,192.643,107.497,47.4912,277.5,180.538,204.519,20.2077,17.6624,160.86,130.886,95.2458,187.767,92.3529,157.114,64.4464,159.279,176.911,252.878,194.967,12.6214,169.546,
68.3897,40.2533,66.6191,137.793,269.764,192.678,107.519,47.516,277.523,180.543,204.513,20.2122,17.6331,160.75,130.827,95.2307,187.674,92.2445,157.11,64.4361,159.284,177.284,253.204,195.148,12.777,169.875,
68.4439,40.2817,66.5768,137.751,269.834,192.714,107.579,47.5835,277.547,180.548,204.517,20.2095,17.6008,160.641,130.86,95.2406,187.625,92.1885,157.122,64.4672,159.288,177.665,253.442,195.275,12.9413,170.222,
68.3831,40.2525,66.5892,137.764,269.903,192.75,107.55,47.551,277.571,180.553,204.519,20.2074,17.5662,160.536,130.791,95.219,187.713,92.2894,157.08,64.3732,159.292,178.034,253.691,195.394,13.1052,170.568,
68.3433,40.2355,66.5566,137.732,269.972,192.787,107.59,47.5974,277.596,180.558,204.556,20.1753,17.5289,160.434,130.649,95.1719,187.676,92.246,157.026,64.2478,159.294,178.41,254.029,195.547,13.2661,170.907,
68.2797,40.2085,66.4418,137.609,270.039,192.824,107.541,47.5416,277.62,180.563,204.546,20.1846,17.4908,160.34,130.682,95.1824,187.718,92.296,157.045,64.2924,159.296,178.784,254.373,195.705,13.4316,171.253,
68.2316,40.1855,66.4441,137.611,270.112,192.866,107.551,47.554,277.644,180.569,204.505,20.224,17.4485,160.245,130.671,95.1787,187.7,92.2756,157.052,64.3101,159.296,179.168,254.708,195.862,13.5897,171.584,
68.2331,40.1863,66.4347,137.601,270.185,192.909,107.507,47.4989,277.667,180.574,204.595,20.1365,17.403,160.152,130.715,95.1944,187.631,92.2006,157.042,64.2848,159.297,179.551,255.039,196.017,13.7542,171.927,
68.1963,40.1637,66.3281,137.477,270.255,192.952,107.501,47.491,277.69,180.58,204.51,20.2173,17.3577,160.067,130.552,95.1409,187.531,92.0883,157.009,64.2053,159.297,179.933,255.375,196.176,13.9196