mode,Shepherds,Sheep,Objects, Fit Val, max SR, SR
-----------------------mode 3--------------------
-----------------------Scenario 0--------------------
3,5,10,0,138733881050.9753723,1,1
3,5,10,0,232949632137.8445129,1,0.9
3,5,10,0,166096457911.5907593,1,1
3,5,10,0,161187640475.2094421,1,0.8
3,5,10,0,182064749630.1981201,1,0.8
3,5,10,0,159497960298.2281189,1,0.9
3,5,10,0,399199434119.6185303,1,1
3,5,10,0,182940349113.9931335,1,0.9
3,5,10,0,295375246973.1416626,1,1
3,5,10,0,217100497297.6618042,1,0.9
3,5,10,0,146793079811.5009155,1,0.4
3,5,10,0,179910297949.2547302,1,1
3,5,10,0,141946328946.5506897,1,0.9
3,5,10,0,79471457578.31129456,1,0.9
3,5,10,0,97734803727.52845764,1,1
3,5,10,0,144738251134.6271667,1,1
3,5,10,0,134103659100.9888,1,0.9
3,5,10,0,185545647668.5630493,1,0.9
3,5,10,0,160744627430.8377991,1,0.9
3,5,10,0,194804289888.3512573,1,0.8
3,5,10,0,315969395939.5857544,1,0.8
3,5,10,0,125258098309.2327576,1,1
3,5,10,0,121666555282.0405579,1,0.8
3,5,10,0,118184540784.9113312,1,1
3,5,10,0,199395506521.3621216,1,0.9
3,5,10,0,223975574555.4808044,1,1
3,5,10,0,225339392326.5319519,1,0.9
3,5,10,0,163683933800.0206909,1,0.5
3,5,10,0,230426419337.1927185,1,1
3,5,10,0,201048133611.7089539,1,0.9
3,5,10,0,236218335524.0458374,1,0.9
3,5,10,0,143431248816.2411804,1,0.9
3,5,10,0,247166268632.9334717,1,0.9
3,5,10,0,147907597171.8755798,1,0.9
3,5,10,0,160533221511.9512939,1,0.9
3,5,10,0,145207693963.4690857,1,0.9
3,5,10,0,131955136484.5219269,1,0.8
3,5,10,0,137718277089.5397644,1,1
3,5,10,0,150342602737.9054565,1,0.8
3,5,10,0,160177988189.7752991,1,0.9
3,5,10,0,176208585733.4194946,1,1
3,5,10,0,183588917435.471283,1,0.9
3,5,10,0,273402531352.3643494,1,1
3,5,10,0,336976178309.116333,1,1
3,5,10,0,319335798817.9956055,1,1
3,5,10,0,197337021316.6608887,1,0.9
3,5,10,0,243175636380.9745483,1,0.9
3,5,10,0,165329308568.0102234,1,1
3,5,10,0,290896617013.8618164,1,1
3,5,10,0,281191532613.5262451,1,1
3,5,20,0,102720156872.6240997,1,0.95
3,5,20,0,143482691940.2976379,1,1
3,5,20,0,124836632661.18396,1,0.95
3,5,20,0,202384810057.2598877,1,1
3,5,20,0,255867207823.1536865,1,1
3,5,20,0,157185704609.4174194,1,1
3,5,20,0,172803450738.1658325,1,1
3,5,20,0,212972443164.8235168,1,0.95
3,5,20,0,140368019109.1407471,1,0.95
3,5,20,0,107603014212.4851532,1,0.95
3,5,20,0,56712820708.8811264,1,0.95
3,5,20,0,129644416999.8322296,1,1
3,5,20,0,165643208906.2380371,1,1
3,5,20,0,75364140295.47187805,1,0.95
3,5,20,0,97927566453.44024658,1,1
3,5,20,0,138795742750.5696411,1,1
3,5,20,0,170439001114.2950745,1,1
3,5,20,0,124824186126.5346375,1,0.95
3,5,20,0,154281586495.7560425,1,0.8
3,5,20,0,123655876165.705719,1,0.95
3,5,20,0,150850484940.8962402,1,0.9
3,5,20,0,139054552949.556366,1,0.55
3,5,20,0,227488815341.4185791,1,0.9
3,5,20,0,111111379740.6318054,1,0.95
3,5,20,0,119314851715.4863586,1,0.95
3,5,20,0,105690528469.6100616,1,1
3,5,20,0,107072551548.5390625,1,1
3,5,20,0,206344488039.0923462,1,1
3,5,20,0,102167392927.7719574,1,0.3
3,5,20,0,119321266791.7634735,1,0.95
3,5,20,0,194504321938.0230408,1,0.95
3,5,20,0,133379554162.3730011,1,1
3,5,20,0,125400527512.1258545,1,0.9
3,5,20,0,87372848713.46679688,1,0.95
3,5,20,0,133322215507.6931305,1,0.95
3,5,20,0,141862122200.9341125,1,0.95
3,5,20,0,49792960794.6319046,1,0.95
3,5,20,0,120447862644.5519104,1,0.95
3,5,20,0,139841615932.9013977,1,0.9
3,5,20,0,141936163709.6997375,1,0.95
3,5,20,0,157882328716.4143982,1,0.95
3,5,20,0,131766668077.9010315,1,0.95
3,5,20,0,108307628328.1274567,1,0.95
3,5,20,0,94197245641.56396484,1,0.95
3,5,20,0,124902688990.3592072,1,0.95
3,5,20,0,110682758812.2550049,1,1
3,5,20,0,158103663103.1442566,1,0.95
3,5,20,0,135171757233.0188446,1,1
3,5,20,0,114286190513.3529663,1,1
3,5,20,0,220088433852.0996399,1,1
3,5,30,0,236446502503.1038818,1,1
3,5,30,0,163807067739.7980042,1,0.933333
3,5,30,0,147303153012.1064148,1,0.933333
3,5,30,0,119037343866.2326355,1,1
3,5,30,0,281133601033.9071045,1,1
3,5,30,0,142883517697.6015015,1,1
3,5,30,0,107722380172.4187622,1,0.966667
3,5,30,0,125863239797.5652466,1,1
3,5,30,0,151216129355.9028015,1,1
3,5,30,0,124052287047.5957794,1,1
3,5,30,0,154830480904.4395142,1,1
3,5,30,0,75012720693.63121033,1,0.966667
3,5,30,0,210181461619.6474609,1,1
3,5,30,0,137130442451.8505402,1,0.966667
3,5,30,0,125962630221.7200928,1,1
3,5,30,0,146028231254.1376953,1,1
3,5,30,0,147320209434.4561462,1,1
3,5,30,0,77382909004.87442017,1,1
3,5,30,0,159590905461.8707581,1,1
3,5,30,0,66272656880.81269073,1,1
3,5,30,0,150204184149.3681335,1,1
3,5,30,0,139100481691.199707,1,1
3,5,30,0,200341730201.0688782,1,1
3,5,30,0,132725531145.7530975,1,1
3,5,30,0,112893124748.7663727,1,1
3,5,30,0,138792290771.4931946,1,0.933333
3,5,30,0,128696475222.7068634,1,1
3,5,30,0,200097643159.9178467,1,1
3,5,30,0,236669290279.5057983,1,1
3,5,30,0,145836665118.1323242,1,1
3,5,30,0,159676083763.3605957,1,0.9
3,5,30,0,70317971108.76678467,1,1
3,5,30,0,169393178214.6349792,1,1
3,5,30,0,171950887080.5213623,1,1
3,5,30,0,166694749275.7346497,1,0.933333
3,5,30,0,175343164881.9437561,1,1
3,5,30,0,167388201665.2496338,1,1
3,5,30,0,235236335602.2142334,1,1
3,5,30,0,211344786083.3754578,1,1
3,5,30,0,88866559633.33300781,1,0.966667
3,5,30,0,97006473926.67480469,1,0.933333
3,5,30,0,105110827491.1721039,1,1
3,5,30,0,115118160540.0896759,1,1
3,5,30,0,75476146350.83926392,1,1
3,5,30,0,113349898984.6293488,1,1
3,5,30,0,140624114912.2480774,1,0.866667
3,5,30,0,200005555468.4026489,1,0.866667
3,5,30,0,122796137139.7786713,1,1
3,5,30,0,112994086127.4290314,1,1
3,5,30,0,102876955532.6800232,1,1
3,5,40,0,476537342664.5217285,0.9,0.825
3,5,40,0,272576059698.1550293,1,0.95
3,5,40,0,214753290063.0056152,1,1
3,5,40,0,261346995151.1710205,1,1
3,5,40,0,558150668146.3691406,0.825,0.775
3,5,40,0,175561729263.7511902,1,0.975
3,5,40,0,153542447002.2669373,1,1
3,5,40,0,176855587970.4999084,1,1
3,5,40,0,439034748523.3908691,0.85,0.825
3,5,40,0,276184974533.3129272,1,1
3,5,40,0,669217883156.9226074,0.35,0.3
3,5,40,0,231664729049.2548523,1,1
3,5,40,0,212954854127.0406189,1,1
3,5,40,0,160201677337.7897339,1,1
3,5,40,0,174783459731.7618408,1,1
3,5,40,0,165335474895.006958,1,1
3,5,40,0,267365994812.5852661,1,1
3,5,40,0,158093813909.2054443,1,1
3,5,40,0,150639256701.9614563,1,1
3,5,40,0,150607624575.9936523,1,1
3,5,40,0,147821821232.8944092,1,1
3,5,40,0,172872914980.0885925,1,1
3,5,40,0,161544488462.5057983,1,1
3,5,40,0,322812638676.8372803,1,1
3,5,40,0,221244631488.7556152,1,1
3,5,40,0,191737147246.7818909,1,1
3,5,40,0,157312799761.1289978,1,1
3,5,40,0,311515182413.692749,1,1
3,5,40,0,144297544046.7759399,1,1
3,5,40,0,287898843437.3596802,1,1
3,5,40,0,178622733998.3363342,1,1
3,5,40,0,182483745503.8389587,1,1
3,5,40,0,302360497445.8178101,1,1
3,5,40,0,167801529912.8387451,1,1
3,5,40,0,151392342862.5004272,1,1
3,5,40,0,263535910729.4030457,1,1
3,5,40,0,326425734784.7003174,1,1
3,5,40,0,140005701339.9890747,1,1
3,5,40,0,171608040789.5536194,1,1
3,5,40,0,245486958331.0785828,1,0.975
3,5,40,0,282562557529.1400146,1,0.975
3,5,40,0,200089081861.7154846,1,1
3,5,40,0,219257609727.8469543,1,1
3,5,40,0,370608019714.3676147,1,1
3,5,40,0,165029823566.41922,1,1
3,5,40,0,190681965446.611145,1,1
3,5,40,0,155905823559.3421936,1,1
3,5,40,0,180597950619.8292847,1,1
3,5,40,0,189509280661.7964172,1,1
3,5,40,0,233818073385.7692261,1,1
3,5,50,0,283100157242.8852539,1,1
3,5,50,0,264205722356.3810425,1,1
3,5,50,0,236386993215.2218323,1,1
3,5,50,0,164149687248.4483032,1,0.94
3,5,50,0,277384995594.2539062,1,0.96
3,5,50,0,237301157298.6258545,1,0.94
3,5,50,0,503414410819.7937012,0.66,0.6
3,5,50,0,259929870944.2112122,1,0.96
3,5,50,0,517827511515.3215332,0.48,0.44
3,5,50,0,293739641277.3607178,0.98,0.92
3,5,50,0,579848120591.7700195,0.52,0.48
3,5,50,0,633752172345.7281494,0.26,0.2
3,5,50,0,413630434047.9772949,0.76,0.7
3,5,50,0,182811715807.0544434,1,0.96
3,5,50,0,712392543966.7988281,0.3,0.26
3,5,50,0,356502700270.0153198,0.88,0.8
3,5,50,0,367823302213.6573486,0.72,0.68
3,5,50,0,205602976214.0220032,1,0.96
3,5,50,0,236172449578.761261,1,1
3,5,50,0,613355347411.9530029,0.36,0.26
3,5,50,0,492705395337.8140259,0.72,0.68
3,5,50,0,1042508317944.381714,0.02,0
3,5,50,0,304278160717.8092041,1,1
3,5,50,0,664588032511.7229004,0.2,0.18
3,5,50,0,772726438157.8319092,0.18,0.14
3,5,50,0,349969115657.609375,0.9,0.86
3,5,50,0,228207808749.6538391,1,1
3,5,50,0,371999750732.8901978,0.82,0.76
3,5,50,0,486058345832.2134399,0.56,0.54
3,5,50,0,235901456600.8303528,1,1
3,5,50,0,402129084596.1151733,0.96,0.9
3,5,50,0,241947029138.2580566,1,0.9
3,5,50,0,253665861211.3400879,1,0.96
3,5,50,0,237975726465.550293,1,0.94
3,5,50,0,232074171515.4017029,1,1
3,5,50,0,204358860957.7606201,1,1
3,5,50,0,218364454251.6917114,1,1
3,5,50,0,740276392062.1015625,0.08,0.06
3,5,50,0,441917926544.1202393,0.62,0.54
3,5,50,0,307720516460.8284302,1,0.98
3,5,50,0,565916023226.5357666,0.32,0.26
3,5,50,0,254467592475.0249939,1,1
3,5,50,0,255180347761.3661194,1,1
3,5,50,0,628127329794.3218994,0.44,0.38
3,5,50,0,215484416471.3179016,1,0.96
3,5,50,0,590620031214.2124023,0.38,0.32
3,5,50,0,213029297893.5118713,1,0.98
3,5,50,0,293292977321.7264404,1,1
3,5,50,0,812805042006.6118164,0.06,0.06
3,5,50,0,237738568973.8169861,1,0.96
3,10,10,0,570618481020.4752197,1,0.7
3,10,10,0,583910148856.114624,1,0.2
3,10,10,0,450494604057.1605225,1,0
3,10,10,0,648883129155.5430908,1,0.7
3,10,10,0,1756824906268.533691,1,0
3,10,10,0,685446799743.8983154,1,0.9
3,10,10,0,2689224233301.924805,1,0
3,10,10,0,669085067881.1906738,1,0
3,10,10,0,611855074281.149292,1,0
3,10,10,0,591368936835.9129639,1,0.8
3,10,10,0,216490695566.3894348,1,0
3,10,10,0,1485459130436.4646,1,0
3,10,10,0,347211999642.2750244,1,0
3,10,10,0,1742049029590.374756,1,0
3,10,10,0,837366265455.9694824,1,0.6
3,10,10,0,1077897357718.774902,1,0
3,10,10,0,256543137053.4535828,1,0
3,10,10,0,750433124087.9423828,1,0.5
3,10,10,0,445447175156.5873413,1,0.2
3,10,10,0,707794810325.1252441,1,0
3,10,10,0,2774541203365.717285,1,0
3,10,10,0,1619553989089.875,1,0
3,10,10,0,543082132408.5969238,1,1
3,10,10,0,646970882807.3930664,1,0
3,10,10,0,1247788510596.63208,1,0
3,10,10,0,573009824779.8807373,1,0.2
3,10,10,0,652990326572.8288574,1,0
3,10,10,0,1169055268126.716797,0.9,0.3
3,10,10,0,300104053072.1732788,1,0
3,10,10,0,172318272726.7027283,1,0
3,10,10,0,1453997250398.946533,0.8,0
3,10,10,0,459598156338.7275391,1,0
3,10,10,0,441471067466.1993408,1,0.7
3,10,10,0,611064447584.4371338,1,0.3
3,10,10,0,348558866448.4159546,1,0
3,10,10,0,1828857041916.853271,1,0
3,10,10,0,1016067071596.059814,1,0
3,10,10,0,267296877454.6135864,1,0
3,10,10,0,587148106661.8341064,1,0.2
3,10,10,0,241129893238.6863708,1,0
3,10,10,0,621786601790.1116943,1,0
3,10,10,0,594001802368.4196777,1,0.5
3,10,10,0,290135014823.4122925,1,0
3,10,10,0,519277525068.026001,1,0.6
3,10,10,0,626087459652.3360596,1,0.8
3,10,10,0,645125703907.6917725,1,0.3
3,10,10,0,810487902420.4764404,1,0.8
3,10,10,0,570003039538.5368652,1,0.7
3,10,10,0,257127569056.0068359,1,0
3,10,10,0,685246010259.0119629,1,0.9
3,10,20,0,358073714861.3198853,1,0.9
3,10,20,0,206417286213.6682739,0.3,0.05
3,10,20,0,1472936771366.376221,0.95,0
3,10,20,0,334268157036.677063,1,0.95
3,10,20,0,257511667818.3971252,1,0
3,10,20,0,244261867295.1586304,1,0.85
3,10,20,0,441699212443.2501831,1,0.9
3,10,20,0,459232067430.230957,1,0.5
3,10,20,0,305766146017.6854248,1,1
3,10,20,0,279810320201.7444458,1,1
3,10,20,0,241137489982.3131104,1,0.9
3,10,20,0,473412403364.5286865,1,0.1
3,10,20,0,1542513503222.356445,1,0
3,10,20,0,359795237342.1992188,1,0.05
3,10,20,0,320053942447.5377808,1,0.95
3,10,20,0,227395486650.8366089,1,0.9
3,10,20,0,487600256949.1296997,1,0.5
3,10,20,0,320871294171.2138062,1,0.95
3,10,20,0,626219536352.6967773,1,0.7
3,10,20,0,264983398473.9205627,1,0.15
3,10,20,0,287346638111.0214233,1,0
3,10,20,0,367280547074.7142334,1,0.75
3,10,20,0,294944835440.1989746,1,0.55
3,10,20,0,273243655704.6404724,1,0
3,10,20,0,318211552472.7034912,1,0.9
3,10,20,0,214015959531.3815918,1,1
3,10,20,0,302228347481.5123291,1,0.55
3,10,20,0,351635166506.3435059,1,0.45
3,10,20,0,677987030426.130249,1,0
3,10,20,0,405211762281.8377075,1,0.9
3,10,20,0,422610249229.9245605,1,0.9
3,10,20,0,274834543093.2345886,1,0
3,10,20,0,327418567295.6587524,1,0.05
3,10,20,0,357020885922.2798462,1,0.55
3,10,20,0,215666320033.9931335,1,0.15
3,10,20,0,441613777260.9799194,1,0.85
3,10,20,0,211689003237.2839966,1,0
3,10,20,0,287960275686.5722656,1,0
3,10,20,0,386137676835.1203003,1,0.7
3,10,20,0,205395662799.9568176,1,0.05
3,10,20,0,2242211997646.819336,1,0
3,10,20,0,1688020929235.617188,1,0
3,10,20,0,492915991001.3682861,1,0.9
3,10,20,0,485716137956.637085,1,0.95
3,10,20,0,249675523572.2270508,1,0
3,10,20,0,350210913258.4280396,1,0.95
3,10,20,0,203990372308.8244629,1,0.85
3,10,20,0,220149176100.7640076,1,1
3,10,20,0,440736804754.1384888,1,0.9
3,10,20,0,1310867445492.036377,1,0
3,10,30,0,322562331988.420166,0.133333,0.0666667
3,10,30,0,135587552590.1099243,1,0.9
3,10,30,0,89276019220.52038574,1,0.966667
3,10,30,0,98170935851.64555359,1,0.933333
3,10,30,0,136635399974.4655304,1,0.733333
3,10,30,0,107485909248.9139709,1,0.933333
3,10,30,0,138362979015.4610901,1,1
3,10,30,0,139628351477.7532959,1,0.933333
3,10,30,0,285221739244.5408325,0.533333,0.166667
3,10,30,0,141988227734.8709106,1,0.966667
3,10,30,0,151835324906.6599426,1,0.2
3,10,30,0,110567775878.9477997,1,0.966667
3,10,30,0,324972450618.9814453,0.233333,0.0333333
3,10,30,0,89891245037.22476196,1,0.966667
3,10,30,0,88577177171.12084961,1,0.966667
3,10,30,0,170293817353.7418213,1,0.966667
3,10,30,0,111295723929.9794006,1,0.966667
3,10,30,0,105430569940.3927612,1,0.966667
3,10,30,0,121412875704.8364716,1,1
3,10,30,0,127025167427.6230774,1,0.933333
3,10,30,0,151958653413.3169861,1,1
3,10,30,0,293243445727.2929688,1,0.166667
3,10,30,0,244741770141.925354,0.366667,0.2
3,10,30,0,107959240514.0198059,1,0.8
3,10,30,0,127470926807.894043,1,0.966667
3,10,30,0,157876275967.5655823,1,1
3,10,30,0,231358965417.8529663,1,0.966667
3,10,30,0,174001816804.2911072,1,1
3,10,30,0,100861208661.0299377,1,1
3,10,30,0,231812509705.466156,1,0.133333
3,10,30,0,336417838622.2564087,1,0.966667
3,10,30,0,91333888497.82626343,1,1
3,10,30,0,124149517613.2928925,1,0.933333
3,10,30,0,134963475920.2462006,1,1
3,10,30,0,108972806774.9989166,1,1
3,10,30,0,654739256991.4648438,0.466667,0.133333
3,10,30,0,109986391968.4582214,1,0.966667
3,10,30,0,299593249057.2423096,0.1,0.0666667
3,10,30,0,95253951767.13214111,1,0.966667
3,10,30,0,107696269024.1877747,1,0.966667
3,10,30,0,239060002597.5301514,0.933333,0.2
3,10,30,0,150804827465.4750977,1,0.8
3,10,30,0,158768102472.354126,1,0.966667
3,10,30,0,222264566585.4643555,1,0.966667
3,10,30,0,99739464691.56149292,1,0.933333
3,10,30,0,361254547624.1970825,0.0666667,0
3,10,30,0,124365702534.5176697,1,0.966667
3,10,30,0,141746514948.4118347,1,0.966667
3,10,30,0,113112190702.8192291,1,0.966667
3,10,30,0,119631950006.9929504,1,1
3,10,40,0,102198490942.4567108,1,1
3,10,40,0,160662272417.7067261,1,1
3,10,40,0,121416911041.5127106,1,1
3,10,40,0,106637824719.2635651,1,1
3,10,40,0,133642962613.2387238,1,1
3,10,40,0,514361979375.3848267,0.025,0
3,10,40,0,93879155392.45748901,1,1
3,10,40,0,151881124804.21521,1,1
3,10,40,0,91669421757.27580261,1,1
3,10,40,0,132695746803.3327942,1,0.9
3,10,40,0,164380845670.7007751,1,1
3,10,40,0,301880815401.9500732,0.775,0.2
3,10,40,0,104565046020.1232452,1,1
3,10,40,0,382685909263.8753662,0.125,0.075
3,10,40,0,624056784372.3721924,0.05,0
3,10,40,0,114701559932.7302399,1,1
3,10,40,0,498943215850.9127197,0,0
3,10,40,0,157379677078.9121399,1,0.95
3,10,40,0,132132340110.3724823,1,1
3,10,40,0,114815458775.9805298,1,1
3,10,40,0,569748229080.1436768,0.025,0
3,10,40,0,148891653923.4454346,1,1
3,10,40,0,395957891803.0238647,0.15,0.1
3,10,40,0,122161844050.1015778,1,0.9
3,10,40,0,149675628986.0623169,1,1
3,10,40,0,97311878919.31115723,1,1
3,10,40,0,122214360504.7871399,1,1
3,10,40,0,133677497255.6821136,1,1
3,10,40,0,111812540339.7219238,1,1
3,10,40,0,108268470846.3306885,1,1
3,10,40,0,803304187845.2250977,0.35,0
3,10,40,0,145618479815.1030273,1,1
3,10,40,0,428568949771.6436768,0.1,0.05
3,10,40,0,417253987753.3266602,0.175,0.1
3,10,40,0,119378954580.8993835,1,1
3,10,40,0,467516024407.4660034,0.025,0
3,10,40,0,97536105859.46322632,1,1
3,10,40,0,580091747385.9641113,0.075,0
3,10,40,0,141765039221.51297,1,1
3,10,40,0,114866188084.3040619,1,1
3,10,40,0,566068936184.677124,0,0
3,10,40,0,155958237118.5493774,1,1
3,10,40,0,547878762560.901001,0,0
3,10,40,0,168281213116.7310486,1,1
3,10,40,0,158543102139.776825,1,1
3,10,40,0,148361222611.6206055,1,1
3,10,40,0,160821008203.6164551,1,0.925
3,10,40,0,479097049606.0599976,0,0
3,10,40,0,481350094660.5766602,0,0
3,10,40,0,121235452416.80159,1,1
3,10,50,0,1271403362495.41333,0,0
3,10,50,0,624020270133.7591553,0.04,0
3,10,50,0,535148297541.9816284,0.22,0.04
3,10,50,0,614354384701.6795654,0.04,0
3,10,50,0,523515592611.5794067,0.08,0.06
3,10,50,0,434012845433.5823975,0.36,0.18
3,10,50,0,237296439232.9966125,1,0.94
3,10,50,0,2132949707857.753418,0.1,0
3,10,50,0,189772843992.1155396,1,0.94
3,10,50,0,200488753301.5585022,1,0.9
3,10,50,0,506200296137.3898926,0.12,0.08
3,10,50,0,223959118296.9996948,1,1
3,10,50,0,234760864431.7472229,1,0.94
3,10,50,0,166993370169.4135437,1,1
3,10,50,0,792586259646.7805176,0.26,0
3,10,50,0,614710116992.5599365,0.08,0.04
3,10,50,0,266674519309.788147,1,0.96
3,10,50,0,581889134284.3822021,0.74,0.66
3,10,50,0,186409516677.5265503,1,1
3,10,50,0,796626891857.5500488,0.3,0
3,10,50,0,552722040531.9788818,0.06,0.04
3,10,50,0,431316432287.2029419,0.34,0.18
3,10,50,0,415040032134.473877,0.26,0.24
3,10,50,0,468819706670.2849121,0.2,0.08
3,10,50,0,128791167386.7078552,1,1
3,10,50,0,545965065745.9004517,0.1,0.06
3,10,50,0,132757713267.259201,1,0.96
3,10,50,0,133853604555.7223816,1,0.96
3,10,50,0,152610951843.9589233,1,0.98
3,10,50,0,176776610626.0715332,1,0.92
3,10,50,0,1252414897429.248779,0.02,0
3,10,50,0,1017493203970.431763,0.02,0
3,10,50,0,312678158445.1295776,1,0.88
3,10,50,0,599550208280.154541,0.06,0.02
3,10,50,0,671435959629.8238525,0,0
3,10,50,0,171409859172.1531067,1,1
3,10,50,0,1005387607629.471802,0.1,0
3,10,50,0,286899942000.9931641,1,0.88
3,10,50,0,590089509937.4261475,0.08,0
3,10,50,0,253211799796.1448975,1,1
3,10,50,0,378899122405.0701294,0.42,0.22
3,10,50,0,535999139057.7432861,0.06,0.02
3,10,50,0,494821773459.2140503,0.58,0.24
3,10,50,0,453263730191.2906494,0.18,0.16
3,10,50,0,494197661513.906189,0.14,0.1
3,10,50,0,145716823524.5906982,1,1
3,10,50,0,160324631004.9088745,1,0.94
3,10,50,0,438607088384.2330322,0.32,0.24
3,10,50,0,944427238393.6518555,0.04,0
3,10,50,0,349104079418.508728,1,0.92
3,15,10,0,237254488231.2828979,0.5,0
3,15,10,0,219378866383.1112976,0.6,0
3,15,10,0,1213731303557.371826,0.9,0
3,15,10,0,304750014523.3623047,1,0
3,15,10,0,3592259650378.03418,0.9,0
3,15,10,0,288038418099.4605103,1,0
3,15,10,0,2894892447132.444824,1,0
3,15,10,0,2585628117128.898926,0.8,0
3,15,10,0,3176441306017.303711,1,0
3,15,10,0,278708810624.0621338,1,0
3,15,10,0,544273040404.3364868,0.9,0
3,15,10,0,2505457263651.376953,0.7,0
3,15,10,0,5505273889058.129883,0.8,0
3,15,10,0,2525756037653.555664,1,0
3,15,10,0,739258583618.5856934,0.9,0
3,15,10,0,1378534939111.816162,0.5,0
3,15,10,0,356872621448.9522705,0.3,0
3,15,10,0,7124381125003.845703,1,0
3,15,10,0,438901822394.2642212,0.5,0
3,15,10,0,1186432803261.999756,0.6,0
3,15,10,0,4666860462784.805664,1,0
3,15,10,0,305782160014.1029663,1,0
3,15,10,0,247576644732.3121338,0.7,0
3,15,10,0,2164751891022.505615,0.2,0
3,15,10,0,256388080210.1178589,0.9,0
3,15,10,0,8660843040441.818359,1,0
3,15,10,0,2150842364454.134033,0.9,0
3,15,10,0,2311942538059.699219,1,0
3,15,10,0,6771870019315.914062,0.9,0
3,15,10,0,311277520050.4173584,1,0
3,15,10,0,781105081258.4569092,0.1,0
3,15,10,0,2289292757715.948242,0.4,0
3,15,10,0,263026492557.2352295,0.6,0
3,15,10,0,5014674018759.337891,0.7,0
3,15,10,0,223756512200.0740662,0.9,0
3,15,10,0,219936499454.5846863,0.9,0
3,15,10,0,4142641333696.531738,0.9,0
3,15,10,0,3852462608805.256348,1,0
3,15,10,0,5381506718591.362305,0.9,0
3,15,10,0,444079818254.8168335,1,0
3,15,10,0,6896418065694.222656,0.6,0
3,15,10,0,5008245422343.150391,0.3,0
3,15,10,0,2225433736484.017578,1,0
3,15,10,0,242916534201.9993896,0.8,0
3,15,10,0,265016193258.8637695,0.8,0
3,15,10,0,2938804964604.433594,1,0
3,15,10,0,346998033927.4206543,1,0
3,15,10,0,2735974403777.166504,0.5,0
3,15,10,0,6008155620233.496094,0.7,0
3,15,10,0,660492019649.5866699,1,0
3,15,20,0,348729961243.2670898,0.95,0
3,15,20,0,2110814921851.046875,0.95,0
3,15,20,0,3557673776397.579102,0.35,0
3,15,20,0,223805500455.6939087,1,0
3,15,20,0,541830634192.3616943,1,0
3,15,20,0,2488798534499.623047,1,0
3,15,20,0,1335161695703.998047,0.95,0
3,15,20,0,1700482226755.957031,1,0
3,15,20,0,2669381684873.248047,1,0
3,15,20,0,2661969832678.834961,0.95,0
3,15,20,0,225777932021.8497009,1,0
3,15,20,0,382516853154.1616821,0.45,0
3,15,20,0,2296365474655.921387,0.6,0
3,15,20,0,281013302583.4724731,0.65,0
3,15,20,0,2360067044541.063477,0.95,0
3,15,20,0,836574330556.4906006,1,0
3,15,20,0,250762095320.1591492,0.95,0
3,15,20,0,261821847148.4951782,0.95,0
3,15,20,0,2128828638401.793701,1,0
3,15,20,0,209740656604.0358582,0.1,0
3,15,20,0,2385650592787.476562,1,0
3,15,20,0,301489622869.2522583,0.95,0
3,15,20,0,305929883788.4056396,0.95,0
3,15,20,0,3174945275255.490723,0.95,0
3,15,20,0,244509292292.7869263,0.9,0
3,15,20,0,2728925560055.000488,0.9,0
3,15,20,0,2009159816912.348633,0.95,0
3,15,20,0,2014358413602.844971,1,0
3,15,20,0,558237891139.4068604,1,0
3,15,20,0,1793337112458.408691,1,0
3,15,20,0,299167490858.1255493,1,0
3,15,20,0,799129337640.8173828,0.9,0
3,15,20,0,1246231564795.144775,1,0
3,15,20,0,1797678951630.835449,1,0
3,15,20,0,225658417748.1799927,1,0
3,15,20,0,206650342197.828125,0.75,0.05
3,15,20,0,246137780608.1325684,1,0
3,15,20,0,216319827362.7466736,1,0
3,15,20,0,214337372067.7061768,0.7,0
3,15,20,0,260843316618.8358765,0.95,0
3,15,20,0,257376943611.8659363,0.95,0
3,15,20,0,423417880635.8615112,0.9,0
3,15,20,0,346223103524.6602173,0.95,0
3,15,20,0,1389430460264.071045,0.8,0
3,15,20,0,265307475046.7331543,0.85,0
3,15,20,0,1236577339291.905518,0.95,0
3,15,20,0,227619367324.5415955,0.95,0
3,15,20,0,2152807921945.685791,1,0
3,15,20,0,2370845951805.72998,1,0
3,15,20,0,245736170275.7301941,1,0
3,15,30,0,1085683550020.717407,0.333333,0.1
3,15,30,0,283300972040.1427002,0.566667,0.166667
3,15,30,0,262569789090.4978333,0.466667,0.166667
3,15,30,0,270536510416.2158508,0.766667,0.1
3,15,30,0,281557421906.4945068,0.266667,0.133333
3,15,30,0,308165077767.2103882,0.833333,0.0666667
3,15,30,0,501972756633.1137085,0.0666667,0
3,15,30,0,242694301354.7471313,0.433333,0.2
3,15,30,0,244667936559.4632263,0.566667,0.266667
3,15,30,0,306474565728.5317993,0.866667,0.166667
3,15,30,0,263018637768.9943237,0.633333,0.0666667
3,15,30,0,274405564853.0372009,0.2,0.0333333
3,15,30,0,245137277456.9122009,0.3,0.166667
3,15,30,0,345536138988.2523193,0.0333333,0
3,15,30,0,260970646768.2794189,0.566667,0.0666667
3,15,30,0,340947355248.6323853,0.0333333,0.0333333
3,15,30,0,239642079606.1930237,0.333333,0.233333
3,15,30,0,364232894907.1115723,0.366667,0.166667
3,15,30,0,287021715379.5848999,0.1,0.0333333
3,15,30,0,422947736835.8157349,0.266667,0
3,15,30,0,387400978466.8348999,0,0
3,15,30,0,355354484639.8804932,0.0666667,0
3,15,30,0,269929492346.9329529,0.333333,0.0666667
3,15,30,0,238787278290.8637695,0.466667,0.233333
3,15,30,0,254236977912.737793,0.266667,0.166667
3,15,30,0,2731856611020.445801,0.433333,0
3,15,30,0,699290994835.2148438,0.5,0.166667
3,15,30,0,325580804146.5914917,0.0666667,0
3,15,30,0,253602502353.4102783,0.2,0.1
3,15,30,0,970146075867.7601318,0.1,0.1
3,15,30,0,434910251341.7449951,0.0666667,0
3,15,30,0,280911833257.8712769,0.133333,0.0666667
3,15,30,0,242860304515.0722961,0.3,0.266667
3,15,30,0,357581988625.0239258,0.0333333,0
3,15,30,0,284609095165.9450684,0.233333,0.166667
3,15,30,0,277519274702.8060303,0.9,0.133333
3,15,30,0,267940023546.0492249,0.5,0.1
3,15,30,0,259179743070.7355042,0.233333,0.166667
3,15,30,0,369051154354.8028564,0.0333333,0
3,15,30,0,846491686468.1008301,0.166667,0.0666667
3,15,30,0,275267496792.3325195,0.5,0.133333
3,15,30,0,249151588141.8566284,0.6,0.1
3,15,30,0,232683594654.7138062,0.333333,0.2
3,15,30,0,412399899442.2538452,0,0
3,15,30,0,417893877880.4145508,0.0333333,0
3,15,30,0,268248378332.2156372,0.966667,0.2
3,15,30,0,1383135324789.646484,0.0666667,0
3,15,30,0,276401403237.2717896,0.266667,0.2
3,15,30,0,2560444481397.119141,0.733333,0
3,15,30,0,398086651141.0213013,0.0333333,0
3,15,40,0,619378559178.6210938,0.05,0
3,15,40,0,691112648825.2337646,0.075,0.05
3,15,40,0,809624098229.3443604,0.175,0
3,15,40,0,493578473799.7471313,0.05,0
3,15,40,0,678742237819.5964355,0.025,0
3,15,40,0,709168845077.0338135,0.15,0
3,15,40,0,722193205279.6516113,0.025,0
3,15,40,0,358352306835.0148926,0.4,0.15
3,15,40,0,626782223254.6290283,0.1,0
3,15,40,0,184302686979.269043,1,1
3,15,40,0,477038089330.9866333,0.075,0
3,15,40,0,360386964093.8265991,0.225,0.125
3,15,40,0,303399702581.2808838,0.4,0.175
3,15,40,0,343502576400.8633423,0.475,0.125
3,15,40,0,629580830464.1640625,0.075,0
3,15,40,0,983785888104.4606934,0.3,0.025
3,15,40,0,560241725134.2723389,0.1,0
3,15,40,0,347960206659.2364502,0.45,0.125
3,15,40,0,598555700168.8753662,0.025,0
3,15,40,0,1143213082302.60083,0.025,0
3,15,40,0,430301133796.6767578,0.025,0
3,15,40,0,576040096541.0089111,0,0
3,15,40,0,302220390948.057312,0.325,0.2
3,15,40,0,475493065869.7738037,0.175,0.125
3,15,40,0,686430891389.5953369,0,0
3,15,40,0,393581992795.0351562,0.125,0.05
3,15,40,0,513780036374.7525635,0.025,0
3,15,40,0,384941676565.038269,0.3,0.05
3,15,40,0,433503109765.0950928,0.075,0
3,15,40,0,409815327643.2282715,0.2,0.025
3,15,40,0,410168503562.1331787,0.1,0.075
3,15,40,0,616289444228.6386719,0,0
3,15,40,0,584820551045.538208,0,0
3,15,40,0,454972474894.6292725,0.025,0
3,15,40,0,758309897174.0256348,0.025,0
3,15,40,0,548091901581.1105957,0.05,0
3,15,40,0,372025060526.0873413,0.225,0.175
3,15,40,0,417894087358.3173828,0.05,0.025
3,15,40,0,544728963174.6895752,0.1,0
3,15,40,0,561274197305.3120117,0.05,0
3,15,40,0,739987507177.6287842,0.05,0
3,15,40,0,606454855123.31604,0.05,0
3,15,40,0,504930954108.0493774,0.05,0
3,15,40,0,347941284623.048645,0.325,0.125
3,15,40,0,573180008548.5469971,0.05,0
3,15,40,0,461269365259.0366821,0.4,0
3,15,40,0,2474105158115.625,0.45,0
3,15,40,0,543512972782.5310059,0.05,0
3,15,40,0,311385140100.4024048,0.45,0.2
3,15,40,0,336961572286.1002808,0.225,0.175
3,15,50,0,1446594772934.689697,0.08,0
3,15,50,0,880619515022.8074951,0.02,0
3,15,50,0,1034319038588.240845,0.02,0
3,15,50,0,782694277853.8300781,0.32,0
3,15,50,0,840635922975.6748047,0.36,0
3,15,50,0,987595917546.4040527,0.34,0
3,15,50,0,824269778330.0227051,0.14,0
3,15,50,0,833754374985.4036865,0.04,0
3,15,50,0,705681245286.0194092,0,0
3,15,50,0,1213751058870.019775,0.3,0
3,15,50,0,991109337582.9603271,0,0
3,15,50,0,957178448460.4801025,0.02,0
3,15,50,0,852387990233.6668701,0.02,0
3,15,50,0,714392547062.1281738,0.26,0
3,15,50,0,994993264151.8496094,0.2,0
3,15,50,0,930114193026.9239502,0.1,0
3,15,50,0,1079619672543.693604,0.04,0
3,15,50,0,834639525781.7750244,0.02,0
3,15,50,0,1053665808136.028076,0.08,0
3,15,50,0,1026148284765.421631,0.04,0
3,15,50,0,780028383873.7008057,0,0
3,15,50,0,427703813996.3612671,0.28,0.16
3,15,50,0,473277954137.6876831,0.16,0.12
3,15,50,0,1103577374323.62085,0,0
3,15,50,0,521480454131.9090576,0.08,0.06
3,15,50,0,586513655340.4326172,0.04,0
3,15,50,0,790197240007.3696289,0.02,0
3,15,50,0,738055595631.0183105,0.06,0
3,15,50,0,367862816183.9637451,0.66,0.26
3,15,50,0,778842096994.1035156,0.02,0
3,15,50,0,558189670566.3237305,0.42,0.02
3,15,50,0,659248757858.2019043,0.04,0
3,15,50,0,755151426756.2456055,0.02,0
3,15,50,0,401405061677.1714478,0.52,0.14
3,15,50,0,677103986237.2491455,0.02,0
3,15,50,0,992373476556.7528076,0.02,0
3,15,50,0,601803025278.5664062,0.22,0
3,15,50,0,908105579262.2213135,0.04,0
3,15,50,0,770173130078.1210938,0.04,0
3,15,50,0,705028863554.2452393,0.3,0.08
3,15,50,0,860169593445.4244385,0.02,0
3,15,50,0,907802261745.4454346,0.04,0
3,15,50,0,641115674466.5928955,0.06,0
3,15,50,0,583329669886.8382568,0.4,0
3,15,50,0,501049490562.5889282,0.12,0.06
3,15,50,0,571497134782.1455078,0.04,0
3,15,50,0,807968606107.4971924,0.04,0
3,15,50,0,621051600628.7591553,0.04,0
3,15,50,0,512249540833.460083,0.08,0.04
3,15,50,0,997852691213.3765869,0.12,0.08
-----------------------Scenario 1--------------------
3,5,0,10,1635333647279.778076,1,1
3,5,0,10,657462931295.3873291,1,1
3,5,0,10,813189402351.5871582,1,1
3,5,0,10,1823893774890.228516,1,1
3,5,0,10,785105932365.4233398,1,1
3,5,0,10,6665634399278.938477,0.9,0.9
3,5,0,10,969981170283.5631104,1,1
3,5,0,10,835725862775.8852539,1,1
3,5,0,10,594332540780.1533203,1,1
3,5,0,10,658785252725.9807129,1,1
3,5,0,10,1884618385345.460938,1,1
3,5,0,10,1925126912985.101562,1,1
3,5,0,10,2085705663682.194336,1,1
3,5,0,10,1831335504751.028809,1,1
3,5,0,10,1679737530731.572266,1,1
3,5,0,10,2028144828685.319824,1,1
3,5,0,10,1867991620451.719971,1,1
3,5,0,10,1723452308973.078125,1,1
3,5,0,10,1774199219811.448242,1,1
3,5,0,10,238552107562.7703552,1,1
3,5,0,10,660222853137.8641357,1,1
3,5,0,10,717903882630.0106201,1,1
3,5,0,10,643567950334.2506104,1,1
3,5,0,10,642005802019.151123,1,1
3,5,0,10,697080099189.3258057,1,1
3,5,0,10,606889605703.3444824,1,1
3,5,0,10,622690149067.4089355,1,1
3,5,0,10,666037822374.4858398,1,1
3,5,0,10,606853262409.2713623,1,1
3,5,0,10,637637260319.5197754,1,1
3,5,0,10,957560198277.2703857,1,1
3,5,0,10,1200595261592.212402,1,1
3,5,0,10,1831979155290.540771,0.9,0.9
3,5,0,10,2020920732484.942139,0.9,0.9
3,5,0,10,1871762524304.255615,0.9,0.9
3,5,0,10,1883402394048.546631,0.9,0.9
3,5,0,10,1793295726301.151855,0.9,0.9
3,5,0,10,1849718785589.418945,0.9,0.9
3,5,0,10,1997813526199.887695,0.9,0.9
3,5,0,10,1912529802962.860352,0.9,0.9
3,5,0,10,380919332169.8121338,1,1
3,5,0,10,365169685301.4440918,1,1
3,5,0,10,316952089610.8187256,1,1
3,5,0,10,217913663827.3973999,1,1
3,5,0,10,239871470249.4801636,1,1
3,5,0,10,282339754400.8087769,1,1
3,5,0,10,378572863441.9212036,1,1
3,5,0,10,242894040687.8424988,1,1
3,5,0,10,238535585009.5182495,1,1
3,5,0,10,222115951349.3334045,1,1
3,5,0,20,4983330780329.639648,0.75,0.75
3,5,0,20,5464123858212.280273,0.85,0.8
3,5,0,20,5393727688197.011719,0.85,0.85
3,5,0,20,4589520667758.236328,0.95,0.95
3,5,0,20,1874509998508.984131,1,1
3,5,0,20,4409306274358.24707,1,1
3,5,0,20,3756299000660.103027,0.95,0.95
3,5,0,20,6175420352901.845703,0.5,0.5
3,5,0,20,5166865830010.912109,0.75,0.75
3,5,0,20,3919602892103.847168,1,1
3,5,0,20,1889122724818.465088,1,1
3,5,0,20,1905225015050.830078,1,1
3,5,0,20,1861785072648.089355,1,1
3,5,0,20,1965838868197.049316,1,1
3,5,0,20,1891716759025.1604,1,1
3,5,0,20,2038691580608.714844,1,1
3,5,0,20,1957698358085.119629,1,1
3,5,0,20,1978097173823.213623,1,1
3,5,0,20,1987973971715.614746,1,1
3,5,0,20,2114508040126.873047,1,1
3,5,0,20,2651205190803.335938,1,1
3,5,0,20,2838039081671.403809,1,1
3,5,0,20,5506038945456.188477,1,1
3,5,0,20,5240228886756.324219,1,1
3,5,0,20,4817105387825.633789,1,1
3,5,0,20,5062474102309.141602,1,1
3,5,0,20,5287968597541.986328,1,1
3,5,0,20,4894111924890.027344,1,1
3,5,0,20,5206754442165.201172,1,1
3,5,0,20,4982222656955.811523,1,1
3,5,0,20,2244211942429.623047,1,1
3,5,0,20,18186801174045.11719,0.2,0.2
3,5,0,20,18107844079284.11328,0.15,0.15
3,5,0,20,3150058723437.127441,1,1
3,5,0,20,3040915890115.199219,1,1
3,5,0,20,5937584522879.704102,1,1
3,5,0,20,3044925258280.364258,1,1
3,5,0,20,3160193881090.239258,1,1
3,5,0,20,2990963572764.934082,1,1
3,5,0,20,2935145554886.518066,1,1
3,5,0,20,2330613479566.532715,1,1
3,5,0,20,3142798114898.989746,1,1
3,5,0,20,3292158188951.173828,1,1
3,5,0,20,3258608828069.949219,1,1
3,5,0,20,3344109244629.487793,1,1
3,5,0,20,3462807937598.84375,1,1
3,5,0,20,3248743589030.118164,1,1
3,5,0,20,3349797782785.473633,1,1
3,5,0,20,3450716769195.430664,1,1
3,5,0,20,3322815160846.721191,1,1
3,5,0,30,7634716296253.06543,0.0333333,0.0333333
3,5,0,30,2535417240890.083008,0.533333,0.533333
3,5,0,30,5715836502926.672852,0.2,0.2
3,5,0,30,4238549681460.396973,0.4,0.366667
3,5,0,30,5555779717283.673828,0.1,0.1
3,5,0,30,6345602488699.806641,0.2,0.2
3,5,0,30,3103130634637.480469,0.333333,0.333333
3,5,0,30,1955842134699.29248,0.866667,0.866667
3,5,0,30,1909888695601.464844,0.866667,0.866667
3,5,0,30,7238893393076.105469,0.0666667,0.0666667
3,5,0,30,5527642660611.896484,0.266667,0.266667
3,5,0,30,5356021932735.785156,0.333333,0.333333
3,5,0,30,5212143871997.208984,0.233333,0.233333
3,5,0,30,7655845568868.973633,0.133333,0.133333
3,5,0,30,5672364397113.454102,0.266667,0.266667
3,5,0,30,5565698598496.251953,0.266667,0.266667
3,5,0,30,8330735328530.573242,0.133333,0.133333
3,5,0,30,8100076291718.571289,0.133333,0.133333
3,5,0,30,7952136014314.206055,0.1,0.1
3,5,0,30,8426686884850.141602,0.1,0.1
3,5,0,30,4977761140598.680664,0.433333,0.433333
3,5,0,30,4799148206558.749023,0.4,0.4
3,5,0,30,4792879799512.736328,0.433333,0.433333
3,5,0,30,5106435481453.537109,0.266667,0.266667
3,5,0,30,4857290092071.116211,0.466667,0.466667
3,5,0,30,4946150572596.881836,0.466667,0.466667
3,5,0,30,4878068418598.4375,0.333333,0.333333
3,5,0,30,4852109010679.214844,0.4,0.4
3,5,0,30,4945873579704.118164,0.366667,0.366667
3,5,0,30,7022927117761.446289,0.166667,0.166667
3,5,0,30,5947514757498.581055,0.2,0.2
3,5,0,30,5480730427865.005859,0.266667,0.266667
3,5,0,30,5501531008162.600586,0.4,0.4
3,5,0,30,4342375497208.424805,0.366667,0.333333
3,5,0,30,4701373240598.170898,0.266667,0.266667
3,5,0,30,4475460098938.708984,0.333333,0.333333
3,5,0,30,4692929851278.841797,0.366667,0.366667
3,5,0,30,4628836191988.974609,0.3,0.3
3,5,0,30,4560313711012.220703,0.266667,0.266667
3,5,0,30,4959082880192.458984,0.2,0.2
3,5,0,30,4704649572162.643555,0.4,0.4
3,5,0,30,4697908653084.34082,0.433333,0.433333
3,5,0,30,4778357038745.871094,0.333333,0.333333
3,5,0,30,9343587611432.708984,0.1,0.1
3,5,0,30,8740109044647.196289,0.133333,0.133333
3,5,0,30,9202477577663.789062,0.1,0.1
3,5,0,30,9066764239353.0625,0.1,0.1
3,5,0,30,9208547879037.933594,0.1,0.1
3,5,0,30,9402639301406.421875,0.1,0.1
3,5,0,30,9092443332990.923828,0.1,0.1
3,5,0,40,10346222602504.10156,0.075,0.075
3,5,0,40,7173254225237.15918,0.025,0.025
3,5,0,40,10461547612806.6582,0.125,0.125
3,5,0,40,10850289212234.27148,0.125,0.125
3,5,0,40,11212404015794.25,0.125,0.125
3,5,0,40,8275107610771.180664,0.075,0.075
3,5,0,40,5404324651873.798828,0.075,0.075
3,5,0,40,11010169480380.66797,0.125,0.125
3,5,0,40,9761728287140.472656,0.05,0.05
3,5,0,40,13278715546996.91211,0.15,0.15
3,5,0,40,6858841359481.204102,0.1,0.1
3,5,0,40,6701316779379.396484,0.1,0.1
3,5,0,40,7130949652404.365234,0.1,0.1
3,5,0,40,6902180103893.020508,0.125,0.125
3,5,0,40,6307859119234.326172,0.1,0.1
3,5,0,40,6693037463394.579102,0.1,0.1
3,5,0,40,7183094971577.273438,0.125,0.125
3,5,0,40,6774802058600.233398,0.125,0.125
3,5,0,40,6232102874558.673828,0.125,0.125
3,5,0,40,6675003415401.8125,0.1,0.1
3,5,0,40,7713030622044.219727,0.05,0.05
3,5,0,40,7940272708955.93457,0.025,0.025
3,5,0,40,8115865244374.848633,0.05,0.05
3,5,0,40,7272197320303.991211,0.05,0.05
3,5,0,40,7718119829244.772461,0.025,0.025
3,5,0,40,7101931131587.003906,0.05,0.05
3,5,0,40,7232934182286.157227,0.05,0.05
3,5,0,40,8139265795349.125,0.05,0.05
3,5,0,40,7231041903803.18457,0.05,0.05
3,5,0,40,11755074962900.47852,0.025,0.025
3,5,0,40,7154123561231.270508,0.125,0.125
3,5,0,40,6773935970115.011719,0.175,0.175
3,5,0,40,6513423935216.598633,0.175,0.175
3,5,0,40,6654434769817.886719,0.225,0.225
3,5,0,40,6623607626236.759766,0.175,0.175
3,5,0,40,6728610528930.492188,0.175,0.175
3,5,0,40,7474837650477.961914,0.175,0.175
3,5,0,40,6855011839113.919922,0.175,0.175
3,5,0,40,9424850437249.505859,0.075,0.075
3,5,0,40,9328557660073.964844,0.075,0.075
3,5,0,40,9871266807727.394531,0.05,0.05
3,5,0,40,10277320598849.99219,0.05,0.05
3,5,0,40,7534980276970.65625,0.125,0.125
3,5,0,40,7332987594312.466797,0.15,0.15
3,5,0,40,7550690494209.484375,0.15,0.15
3,5,0,40,7514404285333.512695,0.15,0.15
3,5,0,40,7511512868706.041992,0.15,0.15
3,5,0,40,7440798529425.681641,0.15,0.15
3,5,0,40,7044802021847.433594,0.175,0.175
3,5,0,40,6625210654885.291992,0.1,0.1
3,5,0,50,9908170161085.775391,0.14,0.14
3,5,0,50,14982121181517.09766,0.02,0.02
3,5,0,50,13365907200048.50586,0.02,0.02
3,5,0,50,10273354733441.16016,0.1,0.1
3,5,0,50,19552416364671.29688,0.02,0.02
3,5,0,50,12996925830471.64258,0.1,0.1
3,5,0,50,13573061438190.78906,0.02,0.02
3,5,0,50,9788657641572.003906,0.1,0.1
3,5,0,50,9841525495797.822266,0.1,0.1
3,5,0,50,10002043081389.92578,0.12,0.12
3,5,0,50,8686655098504.550781,0.06,0.06
3,5,0,50,9419658795464.824219,0.04,0.04
3,5,0,50,9318944729637.111328,0.06,0.06
3,5,0,50,9464344280614.753906,0.06,0.06
3,5,0,50,8838445574177.529297,0.06,0.06
3,5,0,50,9146081292080.251953,0.06,0.06
3,5,0,50,8927305807864.75,0.08,0.08
3,5,0,50,9181231503687.697266,0.04,0.04
3,5,0,50,8991719733745.087891,0.06,0.06
3,5,0,50,8526161262527.688477,0.06,0.06
3,5,0,50,9589212582985.164062,0.12,0.12
3,5,0,50,9560193427966.681641,0.1,0.1
3,5,0,50,9568778853076.287109,0.12,0.12
3,5,0,50,9536445668933.564453,0.1,0.1
3,5,0,50,8838104281526.867188,0.12,0.12
3,5,0,50,9743365053551.443359,0.1,0.1
3,5,0,50,9134179120774.876953,0.12,0.12
3,5,0,50,9656321510022.960938,0.12,0.12
3,5,0,50,13601516074163.05273,0.02,0.02
3,5,0,50,12488439994432.87305,0.02,0.02
3,5,0,50,6809958060936.376953,0.08,0.08
3,5,0,50,6746617999509.701172,0.04,0.02
3,5,0,50,6693090599476.25293,0.06,0.06
3,5,0,50,6927555070891.077148,0.06,0.06
3,5,0,50,14751448853634.88477,0.02,0.02
3,5,0,50,14673845018231.64453,0.04,0.04
3,5,0,50,6732979515359.982422,0.06,0.06
3,5,0,50,15127095268184.76953,0.02,0.02
3,5,0,50,14910036510815.58789,0.04,0.04
3,5,0,50,15195743437247.46875,0.02,0.02
3,5,0,50,11160955160402.03711,0.08,0.08
3,5,0,50,10867893624789.21875,0.08,0.08
3,5,0,50,11760056516776.66211,0.06,0.06
3,5,0,50,10507016126864.48633,0.14,0.14
3,5,0,50,6756494856670.171875,0.08,0.08
3,5,0,50,6817089461642.707031,0.08,0.08
3,5,0,50,7180624208720.4375,0.1,0.1
3,5,0,50,7772853567479.060547,0.1,0.1
3,5,0,50,10928689969412.14844,0.02,0.02
3,5,0,50,6663827440587.474609,0.08,0.08
3,10,0,10,769879235913.1588135,0,0
3,10,0,10,913298275973.0932617,0,0
3,10,0,10,432550672041.1218872,1,1
3,10,0,10,672628568490.9576416,1,1
3,10,0,10,2728163620607.574219,0.1,0.1
3,10,0,10,569790754165.2275391,0.1,0.1
3,10,0,10,1798728255263.853516,0,0
3,10,0,10,805072410794.3436279,1,1
3,10,0,10,485413915003.0161743,1,1
3,10,0,10,1298546083097.034424,1,1
3,10,0,10,662080480028.0203857,0.1,0
3,10,0,10,967201872204.5891113,0.1,0
3,10,0,10,2339223887444.605957,0.1,0
3,10,0,10,802338831180.7460938,0.1,0.1
3,10,0,10,1921995027010.574463,0.1,0.1
3,10,0,10,2116182061978.26709,0.1,0
3,10,0,10,667925870161.7678223,0.1,0
3,10,0,10,151639048395.1644897,1,1
3,10,0,10,312774514558.284668,0.1,0
3,10,0,10,1248124089476.496338,0.1,0.1
3,10,0,10,11355116372989.8457,0.1,0.1
3,10,0,10,1583866821504.748291,0.9,0.9
3,10,0,10,796666914828.4405518,1,1
3,10,0,10,843913130139.3458252,0.1,0.1
3,10,0,10,977614663928.3743896,0.1,0.1
3,10,0,10,1643540732373.844238,0.9,0.9
3,10,0,10,522714232953.1000366,0,0
3,10,0,10,694253525953.6162109,0,0
3,10,0,10,1499075175926.385986,0.9,0.9
3,10,0,10,416678524030.7006836,1,1
3,10,0,10,1308969255493.215332,1,1
3,10,0,10,1621857965633.722168,0.2,0.2
3,10,0,10,1188571632706.601562,0.1,0.1
3,10,0,10,1211536697433.337402,0.1,0.1
3,10,0,10,1186909670427.45874,0.1,0.1
3,10,0,10,555810903551.3135986,0.9,0.9
3,10,0,10,271188633632.647522,1,1
3,10,0,10,4082274917983.767578,0.1,0.1
3,10,0,10,440522380863.9308472,1,1
3,10,0,10,22919874847404.17188,0.1,0.1
3,10,0,10,3955748003453.794434,0.3,0.3
3,10,0,10,3024746265525.375,0,0
3,10,0,10,301021847396.0129395,1,1
3,10,0,10,864811713513.847168,0.1,0.1
3,10,0,10,1287034810645.796143,0.1,0.1
3,10,0,10,2339939415797.605469,0.1,0.1
3,10,0,10,275815599189.1687622,1,1
3,10,0,10,102166765768.9235535,1,1
3,10,0,10,92943778421.23815918,1,1
3,10,0,10,132127161858.6930389,1,1
3,10,0,20,2165472745384.206299,0.15,0.15
3,10,0,20,836998005460.293457,1,1
3,10,0,20,1462435338118.221436,1,1
3,10,0,20,905051707411.7020264,1,1
3,10,0,20,4428438448125.683594,0.1,0.1
3,10,0,20,447319732515.9824219,1,1
3,10,0,20,1936671303287.764893,1,1
3,10,0,20,698513982473.8145752,1,1
3,10,0,20,660195890851.6514893,1,1
3,10,0,20,1313244202427.694824,1,1
3,10,0,20,1040909584366.740601,0.1,0.1
3,10,0,20,682662201354.7655029,1,1
3,10,0,20,1126926047158.881348,0.05,0.05
3,10,0,20,749542174379.1611328,0.3,0.3
3,10,0,20,1009799791580.477295,0.1,0.1
3,10,0,20,681325589344.7054443,1,1
3,10,0,20,1408272569469.41333,0.05,0.05
3,10,0,20,1257905523069.296143,0.05,0.05
3,10,0,20,647568076965.678833,1,1
3,10,0,20,717112419783.9349365,1,1
3,10,0,20,2919252944140.574219,0.3,0.3
3,10,0,20,3459080961818.303223,0.25,0.25
3,10,0,20,1438293374455.795166,1,1
3,10,0,20,1734876491798.687256,0.15,0.15
3,10,0,20,3455871515762.655273,0.2,0.2
3,10,0,20,1318854741879.61499,1,1
3,10,0,20,1436016522948.832031,1,1
3,10,0,20,1127262305575.723877,1,1
3,10,0,20,1134964887184.416748,1,1
3,10,0,20,1030616981176.493164,1,1
3,10,0,20,1081483998578.635864,0.25,0.25
3,10,0,20,806722346983.0534668,1,1
3,10,0,20,1554999792219.916992,0.75,0.75
3,10,0,20,1371997102208.102539,1,1
3,10,0,20,1439324139842.740479,1,1
3,10,0,20,6741589946410.072266,0.1,0.1
3,10,0,20,1322861166418.746094,1,1
3,10,0,20,1810130725815.674805,1,1
3,10,0,20,3061867954638.4375,0.15,0.15
3,10,0,20,1153962655260.249512,1,1
3,10,0,20,831020499301.4914551,1,1
3,10,0,20,1065204776346.12085,1,1
3,10,0,20,783005143709.7182617,1,1
3,10,0,20,979766404214.7397461,1,1
3,10,0,20,1044011001955.468506,1,1
3,10,0,20,1077894455761.529663,0.05,0.05
3,10,0,20,1250056259567.590332,0.05,0.05
3,10,0,20,1019542521891.577148,1,1
3,10,0,20,962590622488.6157227,0.1,0.1
3,10,0,20,747800033941.9919434,1,1
3,10,0,30,2586760763099.390137,0.1,0.1
3,10,0,30,1387705016131.719971,1,1
3,10,0,30,1645912388480.403076,0.0666667,0.0666667
3,10,0,30,1761644866265.879395,1,1
3,10,0,30,1246096092279.418945,1,1
3,10,0,30,1270981906923.292725,1,1
3,10,0,30,1273427577031.515137,1,1
3,10,0,30,1096228087099.618652,1,1
3,10,0,30,1082008492533.18042,1,1
3,10,0,30,1257062648498.402588,1,1
3,10,0,30,1943287178249.632812,0.1,0.1
3,10,0,30,2374250748928.918945,0.133333,0.133333
3,10,0,30,3437768677061.634277,0.0666667,0.0666667
3,10,0,30,2637400504118.044922,0.0666667,0.0666667
3,10,0,30,1793908846449.924072,1,1
3,10,0,30,2295524810675.469238,0.533333,0.533333
3,10,0,30,2209873154930.931641,0.1,0.1
3,10,0,30,2110665606116.550293,0.1,0.1
3,10,0,30,1828190363374.914795,1,1
3,10,0,30,1891384796854.300049,1,1
3,10,0,30,1620984004014.87793,0.133333,0.133333
3,10,0,30,1186141495725.174805,0.166667,0.166667
3,10,0,30,1333884777570.827881,0.133333,0.133333
3,10,0,30,2108692109463.837646,0.966667,0.966667
3,10,0,30,2227890636607.879395,0.966667,0.966667
3,10,0,30,1979304691981.056152,0.966667,0.966667
3,10,0,30,2188656264523.664551,0.966667,0.966667
3,10,0,30,2077059424804.062744,0.966667,0.966667
3,10,0,30,2246009105832.158691,0.966667,0.966667
3,10,0,30,2216271376228.549805,0.966667,0.966667
3,10,0,30,1263322279014.265137,0.133333,0.133333
3,10,0,30,1103113985719.706543,1,1
3,10,0,30,1272603176827.807373,0.2,0.2
3,10,0,30,1049150427818.660767,1,1
3,10,0,30,1370029845558.483154,0.1,0.1
3,10,0,30,1105983038249.457031,1,1
3,10,0,30,3323830256946.269043,0.966667,0.966667
3,10,0,30,1934825440290.154541,1,1
3,10,0,30,1674531954612.419189,1,1
3,10,0,30,2183502501467.437256,1,1
3,10,0,30,2395756223070.306641,0.166667,0.166667
3,10,0,30,1741623478616.976074,0.233333,0.233333
3,10,0,30,1530811224624.562744,1,1
3,10,0,30,1676978628924.733887,0.233333,0.233333
3,10,0,30,1666261714371.680908,1,1
3,10,0,30,1680621396478.092285,1,1
3,10,0,30,1424186929451.982178,0,0
3,10,0,30,908812289411.0760498,1,1
3,10,0,30,1042975341006.325684,0.233333,0.233333
3,10,0,30,1287570988121.215576,0.0666667,0.0666667
3,10,0,40,4334306999786.833496,0.875,0.875
3,10,0,40,2233579419173.438965,0.125,0.125
3,10,0,40,2656672131874.445312,0.475,0.475
3,10,0,40,2598316451802.77002,0.225,0.225
3,10,0,40,2017300152983.114258,0.125,0.125
3,10,0,40,1705000190935.064209,1,1
3,10,0,40,2562296814295.055664,1,1
3,10,0,40,4200450669011.541016,0.225,0.225
3,10,0,40,2105953856159.6875,1,1
3,10,0,40,2614895934326.316406,1,1
3,10,0,40,1545094062745.909668,1,1
3,10,0,40,2658050640544.523438,0.1,0.1
3,10,0,40,2523188270407.619629,0.375,0.375
3,10,0,40,2685909228364.182129,0.1,0.1
3,10,0,40,2701079478425.374512,0.075,0.075
3,10,0,40,3194863099952.94043,0.25,0.25
3,10,0,40,2877861809230.90918,0.1,0.1
3,10,0,40,2401776813072.695801,1,1
3,10,0,40,2399256196884.557129,1,1
3,10,0,40,3344162041622.55127,0.15,0.15
3,10,0,40,3224440708066.286133,0.075,0.075
3,10,0,40,4210792833586.85791,0.05,0.05
3,10,0,40,3160233825906.24707,1,1
3,10,0,40,3334731964746.677734,0.15,0.15
3,10,0,40,1789747664351.789307,0.2,0.2
3,10,0,40,2073962835904.762207,0.175,0.175
3,10,0,40,2216135159376.794922,0.125,0.125
3,10,0,40,2525797216822.26709,0.125,0.125
3,10,0,40,1628156577453.79126,1,1
3,10,0,40,2493347476621.484863,1,1
3,10,0,40,2945022307289.164062,0.075,0.075
3,10,0,40,3585702168865.20166,0.025,0.025
3,10,0,40,2911295965881.849609,0.05,0.05
3,10,0,40,2658801888746.430176,1,1
3,10,0,40,2673161620809.348145,1,1
3,10,0,40,1661222405566.990479,1,1
3,10,0,40,1599845050490.381592,1,1
3,10,0,40,2842420797478.241211,0.2,0.2
3,10,0,40,1631215822080.38916,1,1
3,10,0,40,1563316396525.64917,1,1
3,10,0,40,2945293812319.468262,0.1,0.1
3,10,0,40,3078095992495.767578,0.075,0.075
3,10,0,40,1659408721177.079102,1,1
3,10,0,40,1844163916916.879883,0.2,0.2
3,10,0,40,2127722174440.390381,0.05,0.05
3,10,0,40,1702061560812.409668,1,1
3,10,0,40,1786508383374.918945,1,1
3,10,0,40,2638791940441.661621,1,1
3,10,0,40,1681119745714.06665,1,1
3,10,0,40,2326316860389.858398,0.1,0.1
3,10,0,50,3622831722349.953613,0.16,0.16
3,10,0,50,4072985081632.212891,0.14,0.14
3,10,0,50,3381451084940.099609,0.76,0.74
3,10,0,50,3664577830899.427246,0.62,0.6
3,10,0,50,4311213071625.128418,0.72,0.72
3,10,0,50,4088855519650.641602,0.32,0.32
3,10,0,50,3003533382721.559082,0.82,0.8
3,10,0,50,2524736781477.923828,0.86,0.86
3,10,0,50,3642613897844.421875,0.52,0.52
3,10,0,50,4788873959750.09375,0.14,0.14
3,10,0,50,2991533871362.369629,0.78,0.78
3,10,0,50,3574407116966.054688,0.12,0.12
3,10,0,50,3126810070357.914062,0.66,0.66
3,10,0,50,3010024633757.428711,0.76,0.74
3,10,0,50,2934903962040.872559,0.78,0.78
3,10,0,50,3139821502388.416504,0.64,0.64
3,10,0,50,2868340365369.557129,0.76,0.76
3,10,0,50,2956635599823.896484,0.74,0.74
3,10,0,50,2836908357632.735352,0.74,0.74
3,10,0,50,2764301674035.124512,0.78,0.78
3,10,0,50,2062596945591.848877,0.18,0.18
3,10,0,50,2084653652872.561035,0.14,0.14
3,10,0,50,3979241357598.663574,0.54,0.54
3,10,0,50,3973344823767.898926,0.58,0.56
3,10,0,50,4080101024748.64209,0.26,0.26
3,10,0,50,4776522778635.81543,0.08,0.08
3,10,0,50,4229132288078.29541,0.48,0.48
3,10,0,50,4098305213229.611328,0.54,0.52
3,10,0,50,3440505321605.290039,0.74,0.72
3,10,0,50,3447836743572.365234,0.76,0.76
3,10,0,50,2884039439916.462891,0.68,0.68
3,10,0,50,2899009810884.339355,0.72,0.72
3,10,0,50,4246061352131.003906,0.66,0.66
3,10,0,50,4068936437031.79248,0.58,0.56
3,10,0,50,4547435606024.041016,0.4,0.38
3,10,0,50,4533259170457.023438,0.56,0.56
3,10,0,50,4123863376101.787109,0.64,0.64
3,10,0,50,3754768277783.150391,0.7,0.68
3,10,0,50,3632293313451.056152,0.7,0.7
3,10,0,50,3792758598366.44873,0.62,0.62
3,10,0,50,2743402994002.696777,0.16,0.16
3,10,0,50,2182432531648.368652,1,1
3,10,0,50,2250330750531.851562,1,1
3,10,0,50,2476822886436.625977,1,1
3,10,0,50,2515529227610.958496,1,1
3,10,0,50,2349234259107.258301,1,0.96
3,10,0,50,2394824103864.519043,1,0.98
3,10,0,50,2323430095703.777832,1,1
3,10,0,50,3097703383325.047852,0.96,0.92
3,10,0,50,3016752764695.313477,0.86,0.86
3,15,0,10,2281420081031.686523,0,0
3,15,0,10,15625111895676.58594,0.1,0
3,15,0,10,12798751171609.7793,0,0
3,15,0,10,8443205621317.1875,0.1,0.1
3,15,0,10,3207923584645.052246,0,0
3,15,0,10,5167322926618.779297,0.1,0.1
3,15,0,10,2404920956473.669434,0,0
3,15,0,10,16043735063917.50977,0,0
3,15,0,10,22629435348261.03125,0.1,0.1
3,15,0,10,6354302048222.943359,0,0
3,15,0,10,13106724232255.79883,0,0
3,15,0,10,12990470465250.01758,0,0
3,15,0,10,23721766922418.11719,0,0
3,15,0,10,13167424501612.28125,0,0
3,15,0,10,15590205368958.82422,0,0
3,15,0,10,11893710537310.70312,0,0
3,15,0,10,12506006721238.91992,0,0
3,15,0,10,12015323995902.53711,0.1,0.1
3,15,0,10,8503930371523.96582,0.3,0.3
3,15,0,10,12703107794675.78516,0,0
3,15,0,10,7351701401498.405273,0.2,0.2
3,15,0,10,3370864547868.374023,0.7,0.7
3,15,0,10,7502627473627.267578,0.3,0.3
3,15,0,10,10813751205706.375,0.2,0.2
3,15,0,10,8336552966798.375,0.2,0.2
3,15,0,10,3276246362372.467773,0.4,0.4
3,15,0,10,7201640491370.192383,0.4,0.4
3,15,0,10,2577115374029.87793,0.4,0.4
3,15,0,10,2921727658786.280273,0.1,0.1
3,15,0,10,1712980215444.96875,0.1,0
3,15,0,10,3042280327313.01709,0.1,0.1
3,15,0,10,12410820056913.80664,0,0
3,15,0,10,8642048222136.064453,0,0
3,15,0,10,4959591140124.939453,0,0
3,15,0,10,17705633489624.52734,0.1,0.1
3,15,0,10,11345170741876.7207,0,0
3,15,0,10,30271400372969.35547,0,0
3,15,0,10,14698719193393.42969,0.1,0.1
3,15,0,10,15131629988229.58008,0,0
3,15,0,10,10629434524634.86328,0,0
3,15,0,10,29191349196765.50391,0.1,0.1
3,15,0,10,8611276380097.24707,0,0
3,15,0,10,8058780908624.960938,0.1,0.1
3,15,0,10,1405844315072.857422,0.2,0.2
3,15,0,10,1675300170788.353271,0.1,0.1
3,15,0,10,7139099163395.495117,0,0
3,15,0,10,2166772512254.077881,0.2,0.2
3,15,0,10,486653719568.5858154,0.4,0.4
3,15,0,10,8421229516650.381836,0,0
3,15,0,10,3854679939542.214844,0.2,0.2
3,15,0,20,1558225425175.649658,0.35,0.35
3,15,0,20,1890930300230.743164,0.1,0.1
3,15,0,20,3221317468165.212891,0,0
3,15,0,20,1409517725040.354736,0.15,0.15
3,15,0,20,1264146146723.645996,0,0
3,15,0,20,1230092083454.697266,0,0
3,15,0,20,1552653807499.081543,0.1,0.1
3,15,0,20,2152159102280.034668,0.2,0.2
3,15,0,20,1663751634582.537109,0,0
3,15,0,20,4004782635541.428223,0.05,0.05
3,15,0,20,1764905725195.951172,0.05,0.05
3,15,0,20,3444959220744.960449,0.05,0.05
3,15,0,20,1494221947761.313232,0.1,0.1
3,15,0,20,1729190949563.251709,0.05,0.05
3,15,0,20,1699060096917.480713,0.05,0.05
3,15,0,20,2086992011918.317871,0.05,0.05
3,15,0,20,1861618033628.416748,0,0
3,15,0,20,1894242503186.359375,0.05,0.05
3,15,0,20,1760945398093.058594,0.05,0.05
3,15,0,20,1877758483501.55835,0.05,0.05
3,15,0,20,1525448857746.077148,0,0
3,15,0,20,1156908271952.531982,0.15,0.15
3,15,0,20,3073416760734.933594,0.05,0.05
3,15,0,20,882941419418.8554688,0.35,0.35
3,15,0,20,1696198036073.792969,0.15,0.15
3,15,0,20,3819382584242.691895,0.05,0.05
3,15,0,20,5354376228603.196289,0.05,0.05
3,15,0,20,2541529700812.566406,0.15,0.15
3,15,0,20,2421426907408.970703,0.2,0.2
3,15,0,20,2685759790019.071289,0.15,0.15
3,15,0,20,1460858148812.178711,0.05,0.05
3,15,0,20,2492270757639.008301,0,0
3,15,0,20,3946929201059.150879,0,0
3,15,0,20,4405021831597.532227,0.05,0.05
3,15,0,20,2500843219528.296875,0.15,0.15
3,15,0,20,2184438632350.54248,0.05,0.05
3,15,0,20,7748932542158.889648,0,0
3,15,0,20,2440344803428.812012,0,0
3,15,0,20,2108414833798.906006,0.05,0.05
3,15,0,20,1612211623330.863525,0.15,0.15
3,15,0,20,4509268263818.597656,0.15,0.15
3,15,0,20,2509217550761.594727,0.15,0.15
3,15,0,20,1167557222879.213379,0.1,0.1
3,15,0,20,776763255487.2823486,0.35,0.35
3,15,0,20,1995140715829.502197,0.25,0.25
3,15,0,20,2766682243406.530762,0.15,0.15
3,15,0,20,1740928687118.162109,0.25,0.25
3,15,0,20,521817037423.6689453,0.75,0.75
3,15,0,20,806631812719.0447998,0.3,0.3
3,15,0,20,1094785553943.772461,0.25,0.25
3,15,0,30,2883987383568.763672,0.1,0.1
3,15,0,30,3266841080216.651855,0.133333,0.133333
3,15,0,30,3771739689728.23291,0.0666667,0.0666667
3,15,0,30,3227703955917.052734,0.1,0.0666667
3,15,0,30,3595329195475.423828,0.1,0.1
3,15,0,30,2466916199641.621582,0.1,0.1
3,15,0,30,1366420059112.306641,0.0333333,0.0333333
3,15,0,30,1453431592172.193848,0.133333,0.133333
3,15,0,30,2009312809129.991943,0.1,0.1
3,15,0,30,2942370094236.10498,0.1,0.0666667
3,15,0,30,2466084643143.019043,0.0333333,0
3,15,0,30,2905238518445.819824,0.266667,0.266667
3,15,0,30,3416309718446.222168,0.166667,0.166667
3,15,0,30,2068210793142.323242,0.0333333,0.0333333
3,15,0,30,2915558251642.295898,0.0333333,0
3,15,0,30,2536037700163.450195,0.0333333,0
3,15,0,30,1669598178880.122314,0.0666667,0.0666667
3,15,0,30,2381871700856.104492,0.0333333,0.0333333
3,15,0,30,3918613962919.92627,0.166667,0.166667
3,15,0,30,3012168567750.140625,0.0333333,0
3,15,0,30,3038114261024.15918,0.0333333,0.0333333
3,15,0,30,1802221443336.510986,0.1,0.1
3,15,0,30,1072761747863.541626,0.2,0.2
3,15,0,30,1246260473474.589355,0.133333,0.133333
3,15,0,30,3333062055740.681641,0.0666667,0.0666667
3,15,0,30,1449086391656.871338,0.133333,0.133333
3,15,0,30,1251233654953.477539,0.2,0.2
3,15,0,30,2356194019265.265137,0.0333333,0.0333333
3,15,0,30,4213153763892.806641,0.0333333,0.0333333
3,15,0,30,3327071997187.333984,0.1,0.1
3,15,0,30,4273962640441.664062,0.0666667,0.0666667
3,15,0,30,1419265202359.019287,0.966667,0.966667
3,15,0,30,1439392412805.584229,0.166667,0.166667
3,15,0,30,1799493200367.975098,0.166667,0.166667
3,15,0,30,678509415079.2416992,1,1
3,15,0,30,5280433516457.076172,0.1,0.1
3,15,0,30,3078820511345.988281,0.133333,0.133333
3,15,0,30,1349660147876.353516,0.233333,0.233333
3,15,0,30,1965427008129.037354,0.1,0.1
3,15,0,30,1565403776711.579102,0.166667,0.166667
3,15,0,30,3597279502767.26709,0.0333333,0.0333333
3,15,0,30,4191262369609.360352,0.0333333,0.0333333
3,15,0,30,3164659861817.420898,0.0333333,0.0333333
3,15,0,30,2605335560920.903809,0.0333333,0.0333333
3,15,0,30,4072476333487.279297,0.0333333,0.0333333
3,15,0,30,2701878073253.500488,0.0333333,0.0333333
3,15,0,30,1976341875367.876709,0.133333,0.133333
3,15,0,30,2670102803178.859375,0.166667,0.166667
3,15,0,30,2412437161762.749512,0.1,0.1
3,15,0,30,9372723326385.917969,0.133333,0.133333
3,15,0,40,2752505078891.077148,0.1,0.1
3,15,0,40,2812513676884.084473,0.05,0.05
3,15,0,40,4098234916137.498047,0.05,0.05
3,15,0,40,2995408968748.74707,0.075,0.075
3,15,0,40,4976220016683.334961,0.05,0.025
3,15,0,40,4129139221624.683594,0.075,0.075
3,15,0,40,3460883391806.931152,0.05,0.05
3,15,0,40,4415300837878.338867,0.025,0
3,15,0,40,5628277069579.245117,0.1,0.1
3,15,0,40,1586458595277.795654,0.225,0.225
3,15,0,40,1902752572750.765137,0.125,0.125
3,15,0,40,7587834323039.44043,0.05,0.05
3,15,0,40,1558088064172.096191,0.175,0.175
3,15,0,40,1858018361851.967041,0.125,0.125
3,15,0,40,1501512877590.297852,0.2,0.2
3,15,0,40,1700921653391.30127,0.15,0.15
3,15,0,40,3347097968378.64209,0.05,0.05
3,15,0,40,2044178125007.297363,0.075,0.075
3,15,0,40,1935795904245.062988,0.1,0.1
3,15,0,40,1514059454208.883301,0.15,0.15
3,15,0,40,3237574774562.766113,0.1,0.1
3,15,0,40,3243110894451.152832,0.225,0.225
3,15,0,40,2151111695165.650635,0.05,0.05
3,15,0,40,3822599269409.745605,0.2,0.2
3,15,0,40,2425108111204.007812,0.975,0.975
3,15,0,40,3376669684260.374512,0.2,0.2
3,15,0,40,1879145869667.839844,0.2,0.2
3,15,0,40,2567651365883.659668,0.05,0.05
3,15,0,40,2775376428046.240234,0.05,0.05
3,15,0,40,1909791629880.230713,0.1,0.1
3,15,0,40,13723202815759.69531,0,0
3,15,0,40,1651773501633.789307,0.175,0.175
3,15,0,40,6114749385587.55957,0.025,0.025
3,15,0,40,2368599522640.013672,0.025,0.025
3,15,0,40,2291777442386.805664,0.025,0.025
3,15,0,40,8461807460589.15625,0,0
3,15,0,40,2238038315167.414062,0.15,0.15
3,15,0,40,2320535847471.506348,0.175,0.175
3,15,0,40,1522697499589.651123,0.225,0.225
3,15,0,40,2258469849220.083496,0.15,0.15
3,15,0,40,2994188099207.911621,0.125,0.125
3,15,0,40,3287897134413.260254,0.125,0.125
3,15,0,40,1326891506535.250977,0.25,0.25
3,15,0,40,1855092222137.308105,0.2,0.2
3,15,0,40,1637850433359.192627,0.225,0.225
3,15,0,40,2066704873643.393311,0.175,0.175
3,15,0,40,2810540194064.817871,0.125,0.125
3,15,0,40,2640410867148.043945,0.15,0.15
3,15,0,40,1991835794407.410645,0.2,0.2
3,15,0,40,2575082607387.593262,0.15,0.15
3,15,0,50,1734510478968.375977,0.2,0.2
3,15,0,50,3879615633916.893066,0,0
3,15,0,50,9921501246034.474609,0.04,0.04
3,15,0,50,1449995704908.013184,0.16,0.16
3,15,0,50,1873585334499.422363,0.04,0.04
3,15,0,50,1205894410236.118408,1,1
3,15,0,50,2159981032594.542236,0.16,0.16
3,15,0,50,2339792473857.944824,0.06,0.06
3,15,0,50,1660007238850.543701,0.22,0.22
3,15,0,50,1623286860587.983643,0.2,0.2
3,15,0,50,4522577112319.106445,0.08,0.08
3,15,0,50,3608319806010.463867,0.12,0.12
3,15,0,50,3940578668357.828125,0.1,0.1
3,15,0,50,2760203094078.472168,0.22,0.22
3,15,0,50,2973471043655.359863,0.2,0.2
3,15,0,50,1887759506245.448975,0.18,0.18
3,15,0,50,2946542165958.978027,0.18,0.18
3,15,0,50,2499328512149.475586,0.2,0.2
3,15,0,50,2870497309557.001465,0.22,0.22
3,15,0,50,1198860400390.209473,1,1
3,15,0,50,2696667472604.116211,0,0
3,15,0,50,2272285202631.083984,0.02,0.02
3,15,0,50,2434962341364.178711,0.02,0.02
3,15,0,50,3268397786411.805664,0,0
3,15,0,50,1990856781334.561523,0.14,0.14
3,15,0,50,2528565514936.057617,0.02,0.02
3,15,0,50,1890241474601.882812,0.12,0.12
3,15,0,50,1911959900634.043945,0.08,0.08
3,15,0,50,2838487902563.624512,0.06,0.06
3,15,0,50,1994926259943.221436,0.06,0.06
3,15,0,50,5470885664864.069336,0.04,0.04
3,15,0,50,2178989718295.502441,0.12,0.12
3,15,0,50,1918439531702.913086,0.16,0.16
3,15,0,50,2227785731206.108398,0.12,0.12
3,15,0,50,16049530649914.21875,0.02,0.02
3,15,0,50,1535784631540.710938,0.22,0.22
3,15,0,50,15845825048757.06836,0.02,0.02
3,15,0,50,2123403503721.574707,0.26,0.26
3,15,0,50,2668175734899.874512,0.12,0.12
3,15,0,50,2225132965534.347168,0.22,0.22
3,15,0,50,2862507673897.453125,0.1,0.1
3,15,0,50,3098458776160.619629,0.04,0.04
3,15,0,50,6701426013115.375977,0,0
3,15,0,50,8121917638166.911133,0,0
3,15,0,50,2660792856699.934082,0.02,0.02
3,15,0,50,3846903901850.685547,0.02,0.02
3,15,0,50,5884875346253.308594,0,0
3,15,0,50,1905708787574.754883,0.1,0.1
3,15,0,50,1648786440896.047363,0.16,0.14
3,15,0,50,1962276787052.690918,0.1,0.1
-----------------------Scenario 2--------------------
3,5,5,5,1329129400337.913818,1,0.9
3,5,5,5,887451009712.1381836,1,0.9
3,5,5,5,559140149882.5765381,1,0.9
3,5,5,5,612960688079.9471436,1,0.9
3,5,5,5,2333829730305.069824,1,0.9
3,5,5,5,2541798062102.396484,1,0.9
3,5,5,5,1376400025630.436768,1,0.9
3,5,5,5,882495729339.8712158,1,1
3,5,5,5,2065201972991.033936,1,0.8
3,5,5,5,948771807919.5723877,1,1
3,5,5,5,985111447504.6502686,1,0.9
3,5,5,5,1159913810983.999512,1,1
3,5,5,5,514613093571.87677,1,1
3,5,5,5,394051798931.9107056,1,0.8
3,5,5,5,876069654980.1623535,1,1
3,5,5,5,778031686479.2980957,1,0.9
3,5,5,5,489166339996.4828491,1,0.9
3,5,5,5,752949052817.8896484,1,0.9
3,5,5,5,439575168066.6378784,1,0.8
3,5,5,5,797098890629.9313965,1,1
3,5,5,5,751796612722.4517822,1,0.9
3,5,5,5,966961320551.6845703,1,0.9
3,5,5,5,1061406803439.832886,1,0.9
3,5,5,5,1034188331965.816162,1,1
3,5,5,5,886740632173.6409912,1,1
3,5,5,5,1079820422337.194458,1,0.9
3,5,5,5,883599774939.6071777,1,1
3,5,5,5,799248047465.6188965,1,1
3,5,5,5,874968006658.7226562,1,0.8
3,5,5,5,1788330833913.699951,1,1
3,5,5,5,476940979837.5856323,1,0.9
3,5,5,5,1396900250585.262207,1,0.9
3,5,5,5,779834115075.7861328,1,0.9
3,5,5,5,1840284652135.922607,1,1
3,5,5,5,2680399236780.324707,1,0.8
3,5,5,5,815234087453.357666,1,0.9
3,5,5,5,767578010030.5626221,1,0.9
3,5,5,5,727337792617.7416992,1,0.9
3,5,5,5,785551675606.8782959,1,0.9
3,5,5,5,1437826584797.915283,1,0.9
3,5,5,5,884153754959.8057861,1,0.9
3,5,5,5,1176837933821.906494,1,0.9
3,5,5,5,1181514126434.94751,1,1
3,5,5,5,1196542797438.544189,1,1
3,5,5,5,1468318852372.287109,1,0.9
3,5,5,5,1513877131012.584473,1,0.9
3,5,5,5,907257467413.6148682,1,0.9
3,5,5,5,1688062867741.709717,1,1
3,5,5,5,982403288275.7668457,1,1
3,5,5,5,1029314139380.763306,1,1
3,5,10,10,892760173929.0740967,1,1
3,5,10,10,2004973792857.716553,1,0.95
3,5,10,10,2542836650109.066895,1,0.9
3,5,10,10,2984540517205.120117,1,0.95
3,5,10,10,3411404190225.615723,1,0.95
3,5,10,10,1870948667895.186523,1,0.95
3,5,10,10,3199536306917.94873,1,1
3,5,10,10,1485643776102.154541,1,0.95
3,5,10,10,748914444074.78479,1,1
3,5,10,10,1290465628354.368896,1,0.95
3,5,10,10,3363625035313.951172,1,0.9
3,5,10,10,3198717075182.784668,1,1
3,5,10,10,1495699662385.82666,1,0.95
3,5,10,10,3024913946443.555664,1,1
3,5,10,10,1560683286912.066895,1,0.95
3,5,10,10,1078470654773.054321,1,0.95
3,5,10,10,2352763950000.908203,1,1
3,5,10,10,1679095585587.168701,1,0.95
3,5,10,10,1740492325116.316162,1,1
3,5,10,10,805420922836.2277832,1,0.95
3,5,10,10,5066893045985.65918,1,1
3,5,10,10,7065694784300.863281,1,0.95
3,5,10,10,10359891780982.05469,0.75,0.75
3,5,10,10,3449518117274.193848,1,1
3,5,10,10,1351471627473.035645,1,0.95
3,5,10,10,938611292631.0957031,1,1
3,5,10,10,2204233716642.550293,1,1
3,5,10,10,2715978777332.560059,1,1
3,5,10,10,1099006308550.269653,1,0.95
3,5,10,10,1580574036437.244873,1,0.95
3,5,10,10,2472489278392.395996,1,1
3,5,10,10,2637202380476.900879,1,0.95
3,5,10,10,1938860701268.661377,1,1
3,5,10,10,2006801523526.866699,1,1
3,5,10,10,1680974634694.512695,1,1
3,5,10,10,1132890921286.351318,1,0.8
3,5,10,10,2714059496446.088379,1,0.65
3,5,10,10,733827987691.677124,1,1
3,5,10,10,1207948014723.560791,1,0.9
3,5,10,10,916992006573.3218994,1,1
3,5,10,10,3003423275485.81543,1,1
3,5,10,10,2231441666552.536133,1,0.7
3,5,10,10,1867494464173.019531,1,1
3,5,10,10,2949177126861.392578,1,1
3,5,10,10,1718974808854.811523,1,1
3,5,10,10,3326665231457.395996,1,0.9
3,5,10,10,991772874569.2266846,1,1
3,5,10,10,1022999962397.481934,1,1
3,5,10,10,1152217200597.185059,1,0.95
3,5,10,10,882151946797.4283447,1,1
3,5,15,15,4887133933971.166016,0.7,0.566667
3,5,15,15,5693043403414.043945,0.7,0.466667
3,5,15,15,1227587119186.945312,1,0.966667
3,5,15,15,2139882263249.47583,0.9,0.866667
3,5,15,15,2098345768410.067627,0.766667,0.766667
3,5,15,15,4210328970039.067383,0.9,0.866667
3,5,15,15,4595749878616.625,0.9,0.766667
3,5,15,15,3187163497780.911133,1,1
3,5,15,15,2625874961622.673828,1,0.866667
3,5,15,15,5350248278637.511719,0.7,0.633333
3,5,15,15,2980880348877.592773,0.966667,0.966667
3,5,15,15,2890314910617.402344,0.733333,0.666667
3,5,15,15,3537278255289.585938,0.866667,0.833333
3,5,15,15,1453582785889.522217,1,0.966667
3,5,15,15,3075587796920.766113,1,0.733333
3,5,15,15,1212512077169.456055,1,0.933333
3,5,15,15,2427266815381.07666,1,0.966667
3,5,15,15,1870098141306.704102,1,1
3,5,15,15,2546468920339.538086,0.9,0.666667
3,5,15,15,1927154671060.738281,1,1
3,5,15,15,2799036114969.180664,1,0.966667
3,5,15,15,2950649745739.825195,1,0.933333
3,5,15,15,2406342156715.611328,1,0.966667
3,5,15,15,2646480094194.59375,0.933333,0.866667
3,5,15,15,3201291405535.003906,1,0.733333
3,5,15,15,5250061454920.638672,0.733333,0.733333
3,5,15,15,3920491325798.664551,1,0.6
3,5,15,15,3579015106666.819824,1,0.766667
3,5,15,15,5107846968277.34375,0.833333,0.766667
3,5,15,15,3590933173148.553711,0.966667,0.766667
3,5,15,15,3343838488013.825684,0.9,0.9
3,5,15,15,1681964369784.929199,1,0.966667
3,5,15,15,3647167364517.47168,0.933333,0.933333
3,5,15,15,3237892649913.734863,1,1
3,5,15,15,5430743747239.048828,0.733333,0.666667
3,5,15,15,4030066394126.385254,1,1
3,5,15,15,5707568337599.84375,0.8,0.8
3,5,15,15,4498094443558.003906,1,1
3,5,15,15,2987378209324.400879,1,0.766667
3,5,15,15,2258156206429.913574,1,0.966667
3,5,15,15,2832309186698.219238,1,1
3,5,15,15,2502067010888.884766,1,0.966667
3,5,15,15,3300928201066.374023,1,0.966667
3,5,15,15,3090081607160.29248,1,1
3,5,15,15,3025692710378.333008,0.966667,0.966667
3,5,15,15,6293050562232.87207,0.733333,0.7
3,5,15,15,2108885065904.906006,0.9,0.866667
3,5,15,15,2837586679670.21875,0.966667,0.933333
3,5,15,15,4570074817870.262695,0.9,0.833333
3,5,15,15,4844615076574.078125,0.733333,0.666667
3,5,20,20,4769136222322.880859,0.65,0.525
3,5,20,20,4870847507276.53125,0.6,0.55
3,5,20,20,3554202310321.325684,0.675,0.675
3,5,20,20,5980764525211.988281,0.8,0.7
3,5,20,20,3567526968191.657715,0.825,0.45
3,5,20,20,5637200188303.454102,0.625,0.45
3,5,20,20,3590123762254.786621,0.975,0.975
3,5,20,20,6022471966613.804688,0.6,0.3
3,5,20,20,5410983609827.668945,0.65,0.475
3,5,20,20,3892541753195.280273,0.675,0.625
3,5,20,20,5216375967494.514648,0.725,0.65
3,5,20,20,5157292557028.606445,0.725,0.725
3,5,20,20,6388728001833.510742,0.725,0.725
3,5,20,20,5196334905971.193359,0.725,0.7
3,5,20,20,5337985735705.195312,0.725,0.225
3,5,20,20,6046524249008.915039,0.9,0.625
3,5,20,20,5390125693391.041992,0.65,0.625
3,5,20,20,3823674524656.785156,0.775,0.75
3,5,20,20,4334938491085.0625,0.65,0.375
3,5,20,20,5512215005393.232422,0.7,0.7
3,5,20,20,3769060588483.862305,0.925,0.925
3,5,20,20,7347666321078.237305,0.65,0.6
3,5,20,20,3377136996381.142578,0.925,0.925
3,5,20,20,4115224326852.032227,0.675,0.625
3,5,20,20,4336719906418.375488,0.65,0.625
3,5,20,20,2519573280934.880371,0.85,0.85
3,5,20,20,8987881784512.953125,0.625,0.625
3,5,20,20,4803741512687.980469,0.8,0.775
3,5,20,20,4931968197701.811523,0.75,0.725
3,5,20,20,3352332452029.407715,0.675,0.675
3,5,20,20,4544740861448.991211,0.975,0.975
3,5,20,20,4536120654734.077148,0.8,0.8
3,5,20,20,6195086289687.075195,0.65,0.65
3,5,20,20,7384185097804.488281,0.625,0.625
3,5,20,20,6309414706489.702148,0.75,0.725
3,5,20,20,4003534584451.992676,0.7,0.625
3,5,20,20,5013242119205.37207,0.675,0.425
3,5,20,20,6160062406664.652344,0.725,0.575
3,5,20,20,3820209904040.739746,0.925,0.925
3,5,20,20,5477530419316.931641,0.675,0.425
3,5,20,20,5440503096788.027344,0.7,0.6
3,5,20,20,7686958480536.331055,0.675,0.375
3,5,20,20,7921777017645.96875,0.675,0.625
3,5,20,20,7349292607383.869141,0.675,0.575
3,5,20,20,6235474291185,0.825,0.8
3,5,20,20,5723559215378.255859,0.675,0.675
3,5,20,20,7599635710786.556641,0.7,0.625
3,5,20,20,7652078041309.819336,0.65,0.55
3,5,20,20,3704724006016.453613,0.725,0.725
3,5,20,20,5161704875769.9375,0.65,0.25
3,5,25,25,3592521160989.149414,0.72,0.68
3,5,25,25,12559393456671.48047,0.24,0.2
3,5,25,25,4832746952714.96875,0.64,0.64
3,5,25,25,7001101041830.674805,0.56,0.48
3,5,25,25,6399153264915.206055,0.76,0.54
3,5,25,25,5129389105600.149414,0.74,0.72
3,5,25,25,7093911235851.073242,0.64,0.54
3,5,25,25,6048274296390.885742,0.6,0.56
3,5,25,25,5061388449472.342773,0.6,0.58
3,5,25,25,10906825983260.1582,0.24,0.2
3,5,25,25,6231877945324.894531,0.7,0.7
3,5,25,25,6173937417081.373047,0.68,0.68
3,5,25,25,7247474411054.350586,0.72,0.72
3,5,25,25,6053872739566.973633,0.68,0.62
3,5,25,25,5735235334603.049805,0.66,0.66
3,5,25,25,6299577285999.661133,0.68,0.66
3,5,25,25,5966195377384.529297,0.74,0.7
3,5,25,25,4023057685243.518066,0.76,0.66
3,5,25,25,8062105228793.183594,0.56,0.48
3,5,25,25,4766182215611.988281,0.64,0.64
3,5,25,25,5261733976033.421875,0.88,0.88
3,5,25,25,5322053136407.628906,0.68,0.68
3,5,25,25,4128469168047.651855,0.68,0.68
3,5,25,25,6594077886804.142578,0.6,0.54
3,5,25,25,6229469394095.446289,0.68,0.64
3,5,25,25,4420835207989.304688,0.74,0.68
3,5,25,25,4706854136895.337891,0.82,0.72
3,5,25,25,5100469193191.726562,0.72,0.7
3,5,25,25,3835837543484.544434,0.82,0.8
3,5,25,25,5372071857289.929688,0.82,0.8
3,5,25,25,4453813040305.289062,0.62,0.56
3,5,25,25,6821578322487.552734,0.6,0.56
3,5,25,25,7404560200818.467773,0.66,0.62
3,5,25,25,4320920575883.261719,0.62,0.6
3,5,25,25,4981696286729.319336,0.74,0.66
3,5,25,25,4874817984460.458008,0.62,0.6
3,5,25,25,3866232693762.459961,0.64,0.6
3,5,25,25,6561135989495.699219,0.66,0.66
3,5,25,25,4631292876566.717773,0.66,0.62
3,5,25,25,5274117820980.768555,0.66,0.66
3,5,25,25,4627876507371.061523,0.72,0.68
3,5,25,25,11773976874089.37891,0.4,0.22
3,5,25,25,6438789339679.52832,0.64,0.64
3,5,25,25,4428216989611.71875,0.62,0.56
3,5,25,25,7706480426923.138672,0.7,0.7
3,5,25,25,7182054540913.366211,0.6,0.52
3,5,25,25,10262021954827.125,0.42,0.42
3,5,25,25,10421945411419.13867,0.42,0.38
3,5,25,25,7573838915090.145508,0.7,0.7
3,5,25,25,7091760621691.109375,0.56,0.54
3,10,5,5,962527751999.1544189,1,0.7
3,10,5,5,1197200126848.427002,1,0.9
3,10,5,5,2670606224533.54248,0.1,0
3,10,5,5,1221608542348.611328,1,0.8
3,10,5,5,1587584816044.156982,1,1
3,10,5,5,2735572838491.259277,1,0.5
3,10,5,5,899621208149.5722656,1,0.9
3,10,5,5,1439221471086.011963,1,0.8
3,10,5,5,2536044667623.568848,0.3,0.1
3,10,5,5,1352454482352.466797,1,0.8
3,10,5,5,1453235211502.706299,1,0.9
3,10,5,5,1367610670874.63916,1,0.7
3,10,5,5,20243708491235.07812,0,0
3,10,5,5,8783572715899.244141,0.9,0.7
3,10,5,5,8492742975950.986328,0.9,0.4
3,10,5,5,9683854056599.529297,0.9,0.6
3,10,5,5,1343408560515.744873,1,0.8
3,10,5,5,12185350026311.73438,0.9,0.9
3,10,5,5,1217837842596.871582,1,0.7
3,10,5,5,2001409750794.691162,1,0.8
3,10,5,5,823447931958.2988281,1,1
3,10,5,5,881717544985.0506592,1,0.9
3,10,5,5,720862929764.9592285,1,0.8
3,10,5,5,599233003540.7698975,1,0.6
3,10,5,5,834405733867.130249,1,0.6
3,10,5,5,947448649968.9315186,1,0.7
3,10,5,5,736665812751.2630615,1,0.9
3,10,5,5,2808730494512.685059,1,0.8
3,10,5,5,1711018852770.124756,1,0.7
3,10,5,5,1760437038671.389893,1,0.9
3,10,5,5,1738941841118.373291,1,0.7
3,10,5,5,1441007422855.916504,1,1
3,10,5,5,1060521364570.78772,1,0.7
3,10,5,5,1983390172536.117432,0.5,0.2
3,10,5,5,1160767668033.658203,1,0.5
3,10,5,5,1439813823077.787354,1,0.8
3,10,5,5,1208094946774.043213,1,0.9
3,10,5,5,952336981775.8759766,1,0.9
3,10,5,5,2121249014722.913086,1,0.6
3,10,5,5,1255105827639.800781,1,0.8
3,10,5,5,1106602628671.497803,1,0.8
3,10,5,5,3398078911018.618164,0.3,0.1
3,10,5,5,1313351364563.209961,1,1
3,10,5,5,1747999540675.181885,1,0.5
3,10,5,5,1337210501016.894531,1,0.9
3,10,5,5,1014861554077.265625,1,1
3,10,5,5,1254125988539.651367,1,0.8
3,10,5,5,1539935895507.935059,1,0.9
3,10,5,5,1595497613019.05127,1,0.8
3,10,5,5,778011063057.6690674,1,0.9
3,10,10,10,1101788135114.901367,1,0.55
3,10,10,10,1220546808965.645508,1,0.95
3,10,10,10,1174891660915.532959,0.75,0.2
3,10,10,10,828692976093.467041,1,0.5
3,10,10,10,873306328456.0725098,1,0.9
3,10,10,10,1280364021841.665283,1,0.9
3,10,10,10,760603039234.2373047,1,1
3,10,10,10,1422492627266.401611,1,0.8
3,10,10,10,1364919446454.418457,1,0.5
3,10,10,10,1155477270832.480957,1,0.9
3,10,10,10,1039720315700.372925,1,0.85
3,10,10,10,6071579935261.8125,0.05,0.05
3,10,10,10,1396007488756.696289,0.6,0.05
3,10,10,10,786885951864.5615234,1,0.7
3,10,10,10,839694856773.2452393,1,0.7
3,10,10,10,722590728529.1392822,1,0.5
3,10,10,10,814632452690.4151611,1,0.65
3,10,10,10,967023490018.8665771,1,0.75
3,10,10,10,770169499643.3242188,1,0.5
3,10,10,10,2242525763049.266602,0.5,0.1
3,10,10,10,1314076947431.84375,1,0.95
3,10,10,10,1188042697464.909912,1,0.55
3,10,10,10,1720989194655.413574,0.95,0.85
3,10,10,10,1152566609002.974609,1,0.9
3,10,10,10,1170656593342.435791,1,0.95
3,10,10,10,1036065695012.046631,0.6,0
3,10,10,10,2130688949268.063232,0.15,0.1
3,10,10,10,1881100763480.451172,0.2,0.1
3,10,10,10,757076880923.9910889,1,0.85
3,10,10,10,1034591894519.857422,1,0.95
3,10,10,10,709789249163.0919189,1,0.95
3,10,10,10,797487227896.7241211,1,0.95
3,10,10,10,790596313262.8566895,1,0.8
3,10,10,10,937495859074.9316406,1,0.85
3,10,10,10,718139052503.0899658,1,1
3,10,10,10,777360940112.2614746,1,0.6
3,10,10,10,844917145256.0015869,1,0.8
3,10,10,10,834583426294.2773438,1,1
3,10,10,10,945963524859.3226318,1,1
3,10,10,10,695461350945.1099854,1,0.95
3,10,10,10,1682698804117.174561,1,0.95
3,10,10,10,1016426284397.522949,1,0.95
3,10,10,10,743614338013.7785645,1,0.65
3,10,10,10,1624245912260.307373,1,0.5
3,10,10,10,705501202920.8858643,1,0.8
3,10,10,10,1012454773393.493408,1,0.8
3,10,10,10,559766929268.1921387,1,0.9
3,10,10,10,758517368312.4482422,1,0.9
3,10,10,10,782164581904.4842529,1,0.85
3,10,10,10,826294304062.1905518,1,0.85
3,10,15,15,1160288200681.229736,1,0.966667
3,10,15,15,1147860939518.606689,1,0.9
3,10,15,15,5530444189758.856445,0.0333333,0
3,10,15,15,1642072823657.928223,0.966667,0.533333
3,10,15,15,809803115638.3886719,1,0.866667
3,10,15,15,1222277461586.498291,1,0.566667
3,10,15,15,1560599462038.22168,1,0.9
3,10,15,15,1312689251541.253662,1,0.9
3,10,15,15,1603419412836.817139,1,0.6
3,10,15,15,1282063827678.860107,1,0.833333
3,10,15,15,1100383341788.793701,1,0.966667
3,10,15,15,1023673315616.963623,1,0.933333
3,10,15,15,1121397780081.127686,1,0.933333
3,10,15,15,1282548113540.505859,0.733333,0.233333
3,10,15,15,1208759614447.518799,1,1
3,10,15,15,899084349060.1971436,1,0.933333
3,10,15,15,1434860712400.940674,1,1
3,10,15,15,916227538789.7751465,1,0.5
3,10,15,15,1268514273828.644287,1,0.933333
3,10,15,15,4245168539384.685547,0.966667,0.966667
3,10,15,15,1247826130520.351562,1,0.966667
3,10,15,15,1015710510437.037476,1,1
3,10,15,15,1517091330069.083496,0.533333,0.1
3,10,15,15,2153179412933.524902,0.5,0.0666667
3,10,15,15,1270730131944.494873,1,0.933333
3,10,15,15,826664809452.0672607,1,0.566667
3,10,15,15,1732265040138.016602,1,0.966667
3,10,15,15,1047045838611.727173,1,0.966667
3,10,15,15,1228493615481.735352,1,1
3,10,15,15,1291485150780.099609,1,0.9
3,10,15,15,1654406624039.583252,0.533333,0.1
3,10,15,15,1338850900711.380859,1,0.6
3,10,15,15,1535064802569.705078,1,0.833333
3,10,15,15,1267726797207.728271,1,0.966667
3,10,15,15,1392981876503.233154,0.866667,0.366667
3,10,15,15,1864452801916.454834,1,0.8
3,10,15,15,922772624710.1223145,1,0.933333
3,10,15,15,1177883794331.611328,1,0.866667
3,10,15,15,1371660235222.290283,1,0.933333
3,10,15,15,1271400990990.669434,1,1
3,10,15,15,1788918515628.676514,1,0.466667
3,10,15,15,1254342982773.662109,1,0.566667
3,10,15,15,915783701672.4136963,1,0.966667
3,10,15,15,1159678432721.795166,1,0.933333
3,10,15,15,921220771707.5548096,1,0.5
3,10,15,15,1165977565254.497314,1,0.966667
3,10,15,15,1494861626787.398926,1,0.6
3,10,15,15,2443050222171.448242,1,1
3,10,15,15,1165079710818.951904,1,0.933333
3,10,15,15,4336444743145.219238,0.966667,0.933333
3,10,20,20,1283061203174.890625,1,0.475
3,10,20,20,1641032592940.140381,1,0.55
3,10,20,20,2587963484302.31543,1,1
3,10,20,20,2504393488800.588379,1,0.975
3,10,20,20,1323295736902.554932,1,0.725
3,10,20,20,2226087657670.731934,0.775,0.725
3,10,20,20,839395939416.7565918,1,0.975
3,10,20,20,1388618370856.03125,1,0.5
3,10,20,20,1371252060256.830811,1,1
3,10,20,20,1685660123445.687256,1,0.975
3,10,20,20,2375968774523.055664,1,0.7
3,10,20,20,1353887165899.233398,1,1
3,10,20,20,3647777994190.080566,0.2,0.1
3,10,20,20,2227915644266.666016,1,0.975
3,10,20,20,2413411703892.174316,1,0.975
3,10,20,20,2364095871893.428223,1,0.925
3,10,20,20,1689740070332.37207,1,1
3,10,20,20,1468645193481.404785,1,1
3,10,20,20,2243239035214.389648,1,0.925
3,10,20,20,2602828505259.719727,1,1
3,10,20,20,1368246135586.467285,1,0.5
3,10,20,20,1607008184891.70752,1,1
3,10,20,20,1437681992114.390137,1,0.425
3,10,20,20,1242825458398.540039,1,0.8
3,10,20,20,1085788361621.495483,1,1
3,10,20,20,4140852776354.782715,0.025,0.025
3,10,20,20,1334066296143.279297,1,1
3,10,20,20,933504099800.7188721,1,0.475
3,10,20,20,1207714076136.665527,1,1
3,10,20,20,1264264280713.163086,1,0.975
3,10,20,20,1282996101084.859863,1,0.95
3,10,20,20,1131119448057.588135,0.55,0.025
3,10,20,20,1186987222950.795654,1,0.7
3,10,20,20,2356794998052.795898,1,0.9
3,10,20,20,1745552311690.790039,1,1
3,10,20,20,1292925412419.62085,1,1
3,10,20,20,1265054811613.481445,1,0.85
3,10,20,20,1569724286927.705322,1,0.9
3,10,20,20,3306989289491.23291,0.975,0.975
3,10,20,20,1713735505378.696777,1,0.675
3,10,20,20,1511414985881.594482,1,0.925
3,10,20,20,1393640936584.885986,1,0.7
3,10,20,20,1109046209558.124268,1,0.9
3,10,20,20,2355565468304.394043,1,1
3,10,20,20,1602344893923.493408,1,0.575
3,10,20,20,1593915149556.609375,1,0.65
3,10,20,20,1544417689059.615723,1,0.775
3,10,20,20,1806205333990.426025,1,0.9
3,10,20,20,1683486639185.936768,1,0.975
3,10,20,20,1428187281886.449219,1,0.4
3,10,25,25,4182871437154.194336,0.06,0.02
3,10,25,25,3307345917669.412598,0.98,0.98
3,10,25,25,2258428095923.881348,1,1
3,10,25,25,1342811069422.388428,1,1
3,10,25,25,1798450419017.339355,1,1
3,10,25,25,1998429256339.343994,1,0.82
3,10,25,25,1920506046339.737549,0.98,0.98
3,10,25,25,1526663790935.961182,0.96,0.5
3,10,25,25,1740414769834.081299,0.94,0.62
3,10,25,25,1723274693149.618652,1,0.78
3,10,25,25,3820726667030.858398,1,0.86
3,10,25,25,2896461845320.762207,1,1
3,10,25,25,3007988842753.799805,0.92,0.9
3,10,25,25,2050744242789.362549,1,1
3,10,25,25,2066974053091.994141,1,1
3,10,25,25,2708263978017.956055,1,1
3,10,25,25,3761957264045.595215,0.86,0.66
3,10,25,25,2357701100910.001465,1,1
3,10,25,25,5260532962513.338867,0.98,0.98
3,10,25,25,1588277441979.563232,1,1
3,10,25,25,1757980555642.781738,1,0.96
3,10,25,25,1967110007070.933594,0.94,0.94
3,10,25,25,2715976158805.100098,1,1
3,10,25,25,2590259721736.914062,0.96,0.94
3,10,25,25,2505727669183.709473,1,0.94
3,10,25,25,1740583041090.925781,1,1
3,10,25,25,2352535594385.390625,0.94,0.9
3,10,25,25,2056943921034.571289,1,1
3,10,25,25,2747093847693.505859,0.94,0.92
3,10,25,25,2543633562587.530762,1,0.8
3,10,25,25,2428699568247.929688,1,1
3,10,25,25,2210463787057.381836,1,1
3,10,25,25,1415673505981.560059,0.94,0.9
3,10,25,25,3060051281052.953125,0.28,0.24
3,10,25,25,2363005656744.803711,1,1
3,10,25,25,2285137635847.481445,1,0.88
3,10,25,25,2197732638928.608643,0.84,0.36
3,10,25,25,2319729514494.647461,1,1
3,10,25,25,2385619375818.582031,0.8,0.78
3,10,25,25,951968226558.8562012,1,1
3,10,25,25,1606622764660.132568,1,0.98
3,10,25,25,1475949165283.672852,1,1
3,10,25,25,2649278301422.662109,1,1
3,10,25,25,1202772687428.285156,1,0.92
3,10,25,25,1811794947060.889893,1,1
3,10,25,25,2173186751711.546387,1,0.8
3,10,25,25,2191276953949.537109,1,0.94
3,10,25,25,2547379816431.82666,1,0.98
3,10,25,25,2456971679230.532227,0.9,0.9
3,10,25,25,2237963268415.162598,0.84,0.8
3,15,5,5,1092635862307.972046,0.2,0.1
3,15,5,5,960803608171.5194092,1,0.5
3,15,5,5,1604483328975.169678,1,0.6
3,15,5,5,1940659592129.168213,1,0.6
3,15,5,5,966728549955.5118408,0.5,0.1
3,15,5,5,1137637212838.741455,0.3,0
3,15,5,5,2063869922822.632568,1,0.9
3,15,5,5,1975794850074.835449,1,0.6
3,15,5,5,1879426194598.385254,0.1,0
3,15,5,5,9953302930826.945312,0.1,0.1
3,15,5,5,11307842274510.63867,0.2,0
3,15,5,5,6755938977173.414062,0.7,0.1
3,15,5,5,8694803633935.785156,0.3,0.1
3,15,5,5,1661274399529.123779,1,0.5
3,15,5,5,2049939538936.746338,0.5,0.1
3,15,5,5,1781477455248.026123,0.2,0.1
3,15,5,5,18111736446978.90625,0.5,0.2
3,15,5,5,1360708895147.895752,0.5,0.1
3,15,5,5,2920983331266.585938,0.9,0.5
3,15,5,5,650982843871.361084,1,0.5
3,15,5,5,1675754580615.766602,0.5,0.1
3,15,5,5,5136372870157.839844,0.6,0.1
3,15,5,5,2859156815715.309082,0.6,0.1
3,15,5,5,6418241778801.376953,1,0.5
3,15,5,5,4187766579153.814941,0.6,0.1
3,15,5,5,6574018802938.97168,0.2,0
3,15,5,5,11277349287253.75195,0.1,0
3,15,5,5,5443999601672.53418,0.1,0.1
3,15,5,5,5184720624349.892578,0.5,0.2
3,15,5,5,4587080594804.357422,0.1,0
3,15,5,5,3620107834327.25293,0.8,0.3
3,15,5,5,4302595229003.895508,0.3,0.2
3,15,5,5,2314368508948.138672,0.2,0
3,15,5,5,657679240144.9237061,0.8,0.4
3,15,5,5,4134207970854.851074,1,0.8
3,15,5,5,1783586646723.073975,1,0.7
3,15,5,5,18841512828923.34766,0.5,0.2
3,15,5,5,9409132074768.103516,0.1,0.1
3,15,5,5,823459355073.414917,1,0.5
3,15,5,5,11324615185752.38086,0.1,0
3,15,5,5,3902298289329.223145,0.9,0.5
3,15,5,5,2319085696294.322266,0.1,0
3,15,5,5,15691341807215.25195,0.2,0
3,15,5,5,5764676260822.633789,0,0
3,15,5,5,6340667993634.814453,0.2,0
3,15,5,5,2543535534403.175293,1,0.7
3,15,5,5,6034179084816.547852,0.9,0.5
3,15,5,5,5921586810969.394531,1,0.5
3,15,5,5,2477343566638.049316,0.3,0
3,15,5,5,26025775305370.82422,0.2,0
3,15,10,10,1744198402376.720703,0.65,0.1
3,15,10,10,1579266143870.875732,0.6,0.05
3,15,10,10,4642465742236.077148,0.2,0.05
3,15,10,10,11437415766255.54492,0.2,0
3,15,10,10,1191416091087.064697,0.7,0.25
3,15,10,10,2948541747033.799316,0.6,0.1
3,15,10,10,1671065745801.871582,1,0.55
3,15,10,10,2569566824578.5625,0.6,0.05
3,15,10,10,3677875273996.693359,0.35,0.1
3,15,10,10,2976970878933.023926,0.25,0.1
3,15,10,10,2179214107398.563721,0.2,0.15
3,15,10,10,3301721148686.230957,0.1,0
3,15,10,10,7611774546141.441406,0.05,0.05
3,15,10,10,2471450987083.991699,0.2,0.15
3,15,10,10,8621466588746.412109,0.15,0
3,15,10,10,3407989141612.268066,0.3,0.15
3,15,10,10,2154346711305.091064,0.95,0.8
3,15,10,10,2246979973054.861328,0.55,0.05
3,15,10,10,3014810296086.905762,0.5,0.25
3,15,10,10,5374834120800.735352,0.25,0
3,15,10,10,1308213909632.421387,0.65,0.15
3,15,10,10,1614098498984.715576,0.2,0
3,15,10,10,3477295620897.449219,0.05,0
3,15,10,10,1542608515150.32373,0,0
3,15,10,10,2095698031328.655273,0.1,0
3,15,10,10,2946808816044.016113,0.4,0.1
3,15,10,10,1968596810830.219482,0.4,0.15
3,15,10,10,2811690552117.432617,0.2,0.15
3,15,10,10,680972417546.6557617,1,0.7
3,15,10,10,1393742949490.667725,0.65,0.1
3,15,10,10,1146844371162.399658,1,0.95
3,15,10,10,494797026644.2201538,0.75,0.35
3,15,10,10,3095921398234.91748,0.35,0.15
3,15,10,10,10759522577822.35547,0.05,0.05
3,15,10,10,11602759893635.92188,0.05,0
3,15,10,10,14705859485048.54492,0.05,0
3,15,10,10,1510886960343.254639,0.55,0.3
3,15,10,10,1864954324448.255615,0.95,0.85
3,15,10,10,6418950524678.488281,0.05,0.05
3,15,10,10,2631086497718.871582,0.35,0.15
3,15,10,10,4020449431766.779785,0.3,0.15
3,15,10,10,1911307718354.783203,0.3,0.2
3,15,10,10,1473820542129.828857,0.15,0.05
3,15,10,10,2031251452465.477051,0.15,0
3,15,10,10,4592437948618.661133,0.1,0.05
3,15,10,10,1474657954948.729492,0.15,0.05
3,15,10,10,3702198259776.999023,0.05,0
3,15,10,10,1399000405166.148193,1,0.7
3,15,10,10,5233057518943.00293,0.45,0.2
3,15,10,10,19918319523325.16406,0.35,0.1
3,15,15,15,1985551117223.012939,0.233333,0.1
3,15,15,15,4533252775171.392578,0.0666667,0
3,15,15,15,12556832379198.70117,0.0666667,0
3,15,15,15,1939429478588.126709,1,0.466667
3,15,15,15,1023936500128.627686,1,0.7
3,15,15,15,1210477574237.137451,1,1
3,15,15,15,2008713462308.993408,0.166667,0.1
3,15,15,15,2614640685919.1875,1,0.366667
3,15,15,15,1858808596682.063721,0.3,0.1
3,15,15,15,2723026772275.031738,0.3,0.2
3,15,15,15,3322146182755.953125,0.566667,0.133333
3,15,15,15,2942990650929.969727,0.133333,0.133333
3,15,15,15,2409441019369.501953,0,0
3,15,15,15,4197385944779.369141,0.0333333,0.0333333
3,15,15,15,3414944898851.319336,0.0666667,0.0666667
3,15,15,15,1389650250664.321045,0,0
3,15,15,15,3157818082648.000977,0.0333333,0.0333333
3,15,15,15,2781717482514.847656,0,0
3,15,15,15,1644330034119.285156,0.366667,0
3,15,15,15,2127657015080.783447,0.0666667,0
3,15,15,15,2491883630611.913086,0.266667,0.1
3,15,15,15,1528299236621.140869,1,0.6
3,15,15,15,2195626936669.301758,0.133333,0.0666667
3,15,15,15,3513300030205.533203,0.0333333,0
3,15,15,15,2284804721632.26416,0.366667,0.166667
3,15,15,15,8502285982274.117188,0.0666667,0.0666667
3,15,15,15,2828180366864.870605,0.0333333,0.0333333
3,15,15,15,1516164289166.028809,0.7,0.2
3,15,15,15,1825806446813.558594,1,0.566667
3,15,15,15,873819511177.4884033,1,0.5
3,15,15,15,1283100585766.372803,1,0.5
3,15,15,15,762125585848.2722168,1,0.5
3,15,15,15,1855911816891.438965,0.533333,0.233333
3,15,15,15,896104590118.3143311,1,0.933333
3,15,15,15,1568019713093.296875,0.633333,0.133333
3,15,15,15,1784125282357.049805,0.566667,0.166667
3,15,15,15,1920370112787.800049,1,0.7
3,15,15,15,5004026740330.679688,0.166667,0.166667
3,15,15,15,2884174028857.180664,0.1,0.1
3,15,15,15,1837378736576.905273,1,0.8
3,15,15,15,3917808303669.165039,0.0666667,0
3,15,15,15,3121894374816.121582,0.0333333,0
3,15,15,15,2432981095084.456543,0.0666667,0.0333333
3,15,15,15,997692488156.8665771,0.666667,0.2
3,15,15,15,2246717177140.119141,0.533333,0.233333
3,15,15,15,1699640196789.633057,1,0.866667
3,15,15,15,1950983869083.800049,1,0.466667
3,15,15,15,2432679123315.461426,0.333333,0.133333
3,15,15,15,2381756402066.162598,0.166667,0.0666667
3,15,15,15,4523013211645.820312,0.333333,0.166667
3,15,20,20,2299223255944.271973,0.675,0.175
3,15,20,20,2413649087743.97998,0.15,0.075
3,15,20,20,1948636124032.835449,0.7,0.15
3,15,20,20,3099615461447.85791,0.225,0.125
3,15,20,20,5423175776074.87207,0.1,0.1
3,15,20,20,2256486772780.208984,0.25,0.1
3,15,20,20,2562007196794.385742,0.125,0.025
3,15,20,20,18380087679767.30078,0.05,0.05
3,15,20,20,2526468063865.150391,0.725,0.15
3,15,20,20,1414919055090.038086,1,0.5
3,15,20,20,5213077133145.669922,0.1,0.1
3,15,20,20,1650261890671.73291,1,0.5
3,15,20,20,5332791292569.071289,0.2,0.1
3,15,20,20,3542259949918.275391,0.125,0.1
3,15,20,20,3283242467273.747559,0.05,0.05
3,15,20,20,2409648607305.909668,0.175,0.1
3,15,20,20,1196231159143.577637,1,0.925
3,15,20,20,1432481674813.188232,1,0.525
3,15,20,20,1178840114413.575684,1,0.575
3,15,20,20,2408037557822.476074,0.025,0
3,15,20,20,8067992822456.623047,0.2,0.125
3,15,20,20,2050710501640.447754,0.975,0.9
3,15,20,20,2388585050266.635742,0.15,0.075
3,15,20,20,2991429722357.714355,0.325,0.15
3,15,20,20,2189249882770.041504,0.55,0.2
3,15,20,20,1730172230895.662109,0.975,0.625
3,15,20,20,1235982049851.003418,1,0.525
3,15,20,20,2003129116744.216553,0.425,0.2
3,15,20,20,2890018088618.390625,0.025,0
3,15,20,20,973273585754.5244141,1,0.5
3,15,20,20,5933321437685.275391,0.1,0.1
3,15,20,20,6641447424333.228516,0.075,0.075
3,15,20,20,3796330461666.552246,0.1,0.075
3,15,20,20,4336171739436.753906,0.3,0.15
3,15,20,20,5197651947244.664062,0.05,0.05
3,15,20,20,4249891971079.878906,0.55,0.175
3,15,20,20,3491410824381.990234,0.1,0.1
3,15,20,20,3792867298438.936523,0.05,0.05
3,15,20,20,2731095549257.505371,0.05,0
3,15,20,20,1260483721208.887207,1,0.975
3,15,20,20,4852516188469.839844,0.15,0.075
3,15,20,20,3099570519850.726562,0.5,0.225
3,15,20,20,3551918603717.397461,0.15,0.075
3,15,20,20,1783792932269.877686,0.325,0.075
3,15,20,20,2067651139233.355713,0.275,0.075
3,15,20,20,2692510333069.129883,0.05,0.025
3,15,20,20,2217469729752,0.2,0.05
3,15,20,20,2912157991296.96875,0.225,0.125
3,15,20,20,2198878588334.554932,0.4,0.175
3,15,20,20,2225950554547.619141,0.975,0.475
3,15,25,25,2801864731177.023926,0.02,0.02
3,15,25,25,2183300458802.076416,0.66,0.24
3,15,25,25,4610576952726.669922,0.06,0
3,15,25,25,2643748477065.368164,0.2,0.18
3,15,25,25,2238353156227.806152,0.12,0.12
3,15,25,25,3738942013501.659668,0.02,0.02
3,15,25,25,3389686953714.993652,0.04,0.02
3,15,25,25,3214948842307.704102,0.32,0.12
3,15,25,25,3979579565279.19873,0.1,0.1
3,15,25,25,971131986952.2824707,1,1
3,15,25,25,2824177498318.262207,0.04,0.04
3,15,25,25,3810525396585.218262,0.04,0.04
3,15,25,25,5774762165577.411133,0.04,0.04
3,15,25,25,4504816844129.000977,0.04,0.04
3,15,25,25,3410876119923.936523,0.18,0.16
3,15,25,25,2372303518761.500977,0.2,0.2
3,15,25,25,1533605652162.878662,1,1
3,15,25,25,2596827159096.758789,0.06,0.06
3,15,25,25,3903753597637.430176,0,0
3,15,25,25,686006687736.9615479,1,0.74
3,15,25,25,3445988141010.98584,0.04,0.04
3,15,25,25,3814480144604.187988,0.04,0.04
3,15,25,25,5166724931859.500977,0.04,0.04
3,15,25,25,3345556935388.918945,0.12,0.1
3,15,25,25,3426533237835.52832,0.02,0
3,15,25,25,4667423760954.301758,0.04,0
3,15,25,25,918458367567.8131104,1,0.92
3,15,25,25,3679994942813.733398,0.24,0.1
3,15,25,25,709720118067.116333,1,1
3,15,25,25,1098207070755.272461,1,1
3,15,25,25,3047867867324.21875,0.02,0
3,15,25,25,3165347071194.476074,0.26,0.2
3,15,25,25,1680660117070.442383,0.88,0.32
3,15,25,25,939649129381.5128174,1,1
3,15,25,25,2377106007181.123535,0.5,0.18
3,15,25,25,1053239407603.494141,1,0.38
3,15,25,25,1075818680421.273682,1,1
3,15,25,25,2463786610989.169922,0.2,0.16
3,15,25,25,1250823907813.374512,0.72,0.36
3,15,25,25,6544933783470.081055,0.06,0.06
3,15,25,25,3213879092206.039062,0.04,0.04
3,15,25,25,2583670365851.870605,0.02,0.02
3,15,25,25,2409516683426.894531,0.36,0.1
3,15,25,25,2918633962365.214355,0.1,0.1
3,15,25,25,668220001888.5866699,1,0.34
3,15,25,25,2137555978322.672363,0.02,0.02
3,15,25,25,1817309426285.438965,0.72,0.2
3,15,25,25,977975208628.2861328,1,1
3,15,25,25,2067323292280.793945,0.14,0.08
3,15,25,25,934418541194.1051025,1,1
